[
	{
		"pk": 22,
		"model": "auth.permission",
		"fields": {
			"codename": "add_logentry",
			"name": "Can add log entry",
			"content_type": 8
		}
	},
	{
		"pk": 23,
		"model": "auth.permission",
		"fields": {
			"codename": "change_logentry",
			"name": "Can change log entry",
			"content_type": 8
		}
	},
	{
		"pk": 24,
		"model": "auth.permission",
		"fields": {
			"codename": "delete_logentry",
			"name": "Can delete log entry",
			"content_type": 8
		}
	},
	{
		"pk": 4,
		"model": "auth.permission",
		"fields": {
			"codename": "add_group",
			"name": "Can add group",
			"content_type": 2
		}
	},
	{
		"pk": 5,
		"model": "auth.permission",
		"fields": {
			"codename": "change_group",
			"name": "Can change group",
			"content_type": 2
		}
	},
	{
		"pk": 6,
		"model": "auth.permission",
		"fields": {
			"codename": "delete_group",
			"name": "Can delete group",
			"content_type": 2
		}
	},
	{
		"pk": 10,
		"model": "auth.permission",
		"fields": {
			"codename": "add_message",
			"name": "Can add message",
			"content_type": 4
		}
	},
	{
		"pk": 11,
		"model": "auth.permission",
		"fields": {
			"codename": "change_message",
			"name": "Can change message",
			"content_type": 4
		}
	},
	{
		"pk": 12,
		"model": "auth.permission",
		"fields": {
			"codename": "delete_message",
			"name": "Can delete message",
			"content_type": 4
		}
	},
	{
		"pk": 1,
		"model": "auth.permission",
		"fields": {
			"codename": "add_permission",
			"name": "Can add permission",
			"content_type": 1
		}
	},
	{
		"pk": 2,
		"model": "auth.permission",
		"fields": {
			"codename": "change_permission",
			"name": "Can change permission",
			"content_type": 1
		}
	},
	{
		"pk": 3,
		"model": "auth.permission",
		"fields": {
			"codename": "delete_permission",
			"name": "Can delete permission",
			"content_type": 1
		}
	},
	{
		"pk": 7,
		"model": "auth.permission",
		"fields": {
			"codename": "add_user",
			"name": "Can add user",
			"content_type": 3
		}
	},
	{
		"pk": 8,
		"model": "auth.permission",
		"fields": {
			"codename": "change_user",
			"name": "Can change user",
			"content_type": 3
		}
	},
	{
		"pk": 9,
		"model": "auth.permission",
		"fields": {
			"codename": "delete_user",
			"name": "Can delete user",
			"content_type": 3
		}
	},
	{
		"pk": 13,
		"model": "auth.permission",
		"fields": {
			"codename": "add_contenttype",
			"name": "Can add content type",
			"content_type": 5
		}
	},
	{
		"pk": 14,
		"model": "auth.permission",
		"fields": {
			"codename": "change_contenttype",
			"name": "Can change content type",
			"content_type": 5
		}
	},
	{
		"pk": 15,
		"model": "auth.permission",
		"fields": {
			"codename": "delete_contenttype",
			"name": "Can delete content type",
			"content_type": 5
		}
	},
	{
		"pk": 16,
		"model": "auth.permission",
		"fields": {
			"codename": "add_session",
			"name": "Can add session",
			"content_type": 6
		}
	},
	{
		"pk": 17,
		"model": "auth.permission",
		"fields": {
			"codename": "change_session",
			"name": "Can change session",
			"content_type": 6
		}
	},
	{
		"pk": 18,
		"model": "auth.permission",
		"fields": {
			"codename": "delete_session",
			"name": "Can delete session",
			"content_type": 6
		}
	},
	{
		"pk": 19,
		"model": "auth.permission",
		"fields": {
			"codename": "add_site",
			"name": "Can add site",
			"content_type": 7
		}
	},
	{
		"pk": 20,
		"model": "auth.permission",
		"fields": {
			"codename": "change_site",
			"name": "Can change site",
			"content_type": 7
		}
	},
	{
		"pk": 21,
		"model": "auth.permission",
		"fields": {
			"codename": "delete_site",
			"name": "Can delete site",
			"content_type": 7
		}
	},
	{
		"pk": 31,
		"model": "auth.permission",
		"fields": {
			"codename": "add_availability",
			"name": "Can add availability",
			"content_type": 11
		}
	},
	{
		"pk": 32,
		"model": "auth.permission",
		"fields": {
			"codename": "change_availability",
			"name": "Can change availability",
			"content_type": 11
		}
	},
	{
		"pk": 33,
		"model": "auth.permission",
		"fields": {
			"codename": "delete_availability",
			"name": "Can delete availability",
			"content_type": 11
		}
	},
	{
		"pk": 43,
		"model": "auth.permission",
		"fields": {
			"codename": "add_board",
			"name": "Can add board",
			"content_type": 15
		}
	},
	{
		"pk": 44,
		"model": "auth.permission",
		"fields": {
			"codename": "change_board",
			"name": "Can change board",
			"content_type": 15
		}
	},
	{
		"pk": 45,
		"model": "auth.permission",
		"fields": {
			"codename": "delete_board",
			"name": "Can delete board",
			"content_type": 15
		}
	},
	{
		"pk": 49,
		"model": "auth.permission",
		"fields": {
			"codename": "add_boardaction",
			"name": "Can add board action",
			"content_type": 17
		}
	},
	{
		"pk": 50,
		"model": "auth.permission",
		"fields": {
			"codename": "change_boardaction",
			"name": "Can change board action",
			"content_type": 17
		}
	},
	{
		"pk": 51,
		"model": "auth.permission",
		"fields": {
			"codename": "delete_boardaction",
			"name": "Can delete board action",
			"content_type": 17
		}
	},
	{
		"pk": 46,
		"model": "auth.permission",
		"fields": {
			"codename": "add_boardcolumn",
			"name": "Can add board column",
			"content_type": 16
		}
	},
	{
		"pk": 47,
		"model": "auth.permission",
		"fields": {
			"codename": "change_boardcolumn",
			"name": "Can change board column",
			"content_type": 16
		}
	},
	{
		"pk": 48,
		"model": "auth.permission",
		"fields": {
			"codename": "delete_boardcolumn",
			"name": "Can delete board column",
			"content_type": 16
		}
	},
	{
		"pk": 40,
		"model": "auth.permission",
		"fields": {
			"codename": "add_boardprototype",
			"name": "Can add board prototype",
			"content_type": 14
		}
	},
	{
		"pk": 41,
		"model": "auth.permission",
		"fields": {
			"codename": "change_boardprototype",
			"name": "Can change board prototype",
			"content_type": 14
		}
	},
	{
		"pk": 42,
		"model": "auth.permission",
		"fields": {
			"codename": "delete_boardprototype",
			"name": "Can delete board prototype",
			"content_type": 14
		}
	},
	{
		"pk": 55,
		"model": "auth.permission",
		"fields": {
			"codename": "add_log",
			"name": "Can add log",
			"content_type": 19
		}
	},
	{
		"pk": 56,
		"model": "auth.permission",
		"fields": {
			"codename": "change_log",
			"name": "Can change log",
			"content_type": 19
		}
	},
	{
		"pk": 57,
		"model": "auth.permission",
		"fields": {
			"codename": "delete_log",
			"name": "Can delete log",
			"content_type": 19
		}
	},
	{
		"pk": 25,
		"model": "auth.permission",
		"fields": {
			"codename": "add_profile",
			"name": "Can add profile",
			"content_type": 9
		}
	},
	{
		"pk": 26,
		"model": "auth.permission",
		"fields": {
			"codename": "change_profile",
			"name": "Can change profile",
			"content_type": 9
		}
	},
	{
		"pk": 27,
		"model": "auth.permission",
		"fields": {
			"codename": "delete_profile",
			"name": "Can delete profile",
			"content_type": 9
		}
	},
	{
		"pk": 28,
		"model": "auth.permission",
		"fields": {
			"codename": "add_sprint",
			"name": "Can add sprint",
			"content_type": 10
		}
	},
	{
		"pk": 29,
		"model": "auth.permission",
		"fields": {
			"codename": "change_sprint",
			"name": "Can change sprint",
			"content_type": 10
		}
	},
	{
		"pk": 30,
		"model": "auth.permission",
		"fields": {
			"codename": "delete_sprint",
			"name": "Can delete sprint",
			"content_type": 10
		}
	},
	{
		"pk": 34,
		"model": "auth.permission",
		"fields": {
			"codename": "add_story",
			"name": "Can add story",
			"content_type": 12
		}
	},
	{
		"pk": 35,
		"model": "auth.permission",
		"fields": {
			"codename": "change_story",
			"name": "Can change story",
			"content_type": 12
		}
	},
	{
		"pk": 36,
		"model": "auth.permission",
		"fields": {
			"codename": "delete_story",
			"name": "Can delete story",
			"content_type": 12
		}
	},
	{
		"pk": 52,
		"model": "auth.permission",
		"fields": {
			"codename": "add_storyaction",
			"name": "Can add story action",
			"content_type": 18
		}
	},
	{
		"pk": 53,
		"model": "auth.permission",
		"fields": {
			"codename": "change_storyaction",
			"name": "Can change story action",
			"content_type": 18
		}
	},
	{
		"pk": 54,
		"model": "auth.permission",
		"fields": {
			"codename": "delete_storyaction",
			"name": "Can delete story action",
			"content_type": 18
		}
	},
	{
		"pk": 37,
		"model": "auth.permission",
		"fields": {
			"codename": "add_task",
			"name": "Can add task",
			"content_type": 13
		}
	},
	{
		"pk": 38,
		"model": "auth.permission",
		"fields": {
			"codename": "change_task",
			"name": "Can change task",
			"content_type": 13
		}
	},
	{
		"pk": 39,
		"model": "auth.permission",
		"fields": {
			"codename": "delete_task",
			"name": "Can delete task",
			"content_type": 13
		}
	},
	{
		"pk": 1,
		"model": "auth.user",
		"fields": {
			"username": "igzebedze",
			"first_name": "Bo\u0161tjan",
			"last_name": "\u0160peti\u010d",
			"is_active": true,
			"is_superuser": true,
			"is_staff": true,
			"last_login": "2012-02-01 02:24:27",
			"groups": [],
			"user_permissions": [],
			"password": "sha1$02b8a$7f6bfeb812f2a81d14cb24eadbc8c03c536793f9",
			"email": "bostjan@zemanta.com",
			"date_joined": "2012-01-03 00:00:00"
		}
	},
	{
		"pk": 2,
		"model": "auth.user",
		"fields": {
			"username": "minmax",
			"first_name": "Andra\u017e",
			"last_name": "Tori",
			"is_active": true,
			"is_superuser": true,
			"is_staff": true,
			"last_login": "2012-01-04 15:20:20",
			"groups": [],
			"user_permissions": [],
			"password": "sha1$b1b2f$384ca5471f92a424d7945ee4fdeb2e3a9cb8ff98",
			"email": "andraz@zemanta.com",
			"date_joined": "2012-01-03 00:00:00"
		}
	},
	{
		"pk": 3,
		"model": "auth.user",
		"fields": {
			"username": "idioterna",
			"first_name": "Jure",
			"last_name": "Koren",
			"is_active": true,
			"is_superuser": true,
			"is_staff": true,
			"last_login": "2012-01-25 10:27:49",
			"groups": [],
			"user_permissions": [],
			"password": "sha1$cbdf7$4e968bde3e8cbbba048cff55a3d1b3bdcc6039a1",
			"email": "jure.koren@zemanta.com",
			"date_joined": "2012-01-03 00:00:00"
		}
	},
	{
		"pk": 4,
		"model": "auth.user",
		"fields": {
			"username": "skrat",
			"first_name": "Ga\u0161per",
			"last_name": "Koren",
			"is_active": true,
			"is_superuser": true,
			"is_staff": true,
			"last_login": "2012-01-06 04:40:05",
			"groups": [],
			"user_permissions": [],
			"password": "sha1$02b8a$7f6bfeb812f2a81d14cb24eadbc8c03c536793f9",
			"email": "gasper.koren@zemanta.com",
			"date_joined": "2012-01-03 00:00:00"
		}
	},
	{
		"pk": 5,
		"model": "auth.user",
		"fields": {
			"username": "panco",
			"first_name": "Danijel",
			"last_name": "Pan\u010di\u0107",
			"is_active": true,
			"is_superuser": true,
			"is_staff": true,
			"last_login": "2012-02-07 09:00:33",
			"groups": [],
			"user_permissions": [],
			"password": "sha1$749c4$94865bdb9ca95d8522b0a3dcea3909b43ef88c4f",
			"email": "danijel@zemanta.com",
			"date_joined": "2012-01-03 00:00:00"
		}
	},
	{
		"pk": 6,
		"model": "auth.user",
		"fields": {
			"username": "dusano",
			"first_name": "Du\u0161an",
			"last_name": "Omer\u010devi\u0107",
			"is_active": true,
			"is_superuser": true,
			"is_staff": true,
			"last_login": "2012-01-19 04:18:42",
			"groups": [],
			"user_permissions": [],
			"password": "sha1$8a1e4$690b18d6ecc9cf4c1d3e83737959e30c8d7acbc8",
			"email": "dusan.omercevic@zemanta.com",
			"date_joined": "2012-01-03 00:00:00"
		}
	},
	{
		"pk": 7,
		"model": "auth.user",
		"fields": {
			"username": "rokp",
			"first_name": "Rok",
			"last_name": "Pregelj",
			"is_active": true,
			"is_superuser": false,
			"is_staff": true,
			"last_login": "2012-02-08 06:29:10",
			"groups": [],
			"user_permissions": [],
			"password": "sha1$02b8a$7f6bfeb812f2a81d14cb24eadbc8c03c536793f9",
			"email": "rok.pregelj@zemanta.com",
			"date_joined": "2012-01-03 00:00:00"
		}
	},
	{
		"pk": 8,
		"model": "auth.user",
		"fields": {
			"username": "sham",
			"first_name": "Sam",
			"last_name": "Sandberg",
			"is_active": true,
			"is_superuser": false,
			"is_staff": true,
			"last_login": "2012-02-10 08:04:15",
			"groups": [],
			"user_permissions": [],
			"password": "sha1$73356$62171d16c3c94092898ced38ba7a05dc7e7e3fb4",
			"email": "sam.sandberg@zemanta.com",
			"date_joined": "2012-01-03 00:00:00"
		}
	},
	{
		"pk": 9,
		"model": "auth.user",
		"fields": {
			"username": "gape",
			"first_name": "Ga\u0161per",
			"last_name": "\u0160etinc",
			"is_active": true,
			"is_superuser": false,
			"is_staff": true,
			"last_login": "2012-02-02 14:25:19",
			"groups": [],
			"user_permissions": [],
			"password": "sha1$02b8a$7f6bfeb812f2a81d14cb24eadbc8c03c536793f9",
			"email": "gasper.setinc@zemanta.com",
			"date_joined": "2012-01-03 00:00:00"
		}
	},
	{
		"pk": 10,
		"model": "auth.user",
		"fields": {
			"username": "pronebird",
			"first_name": "Andrei",
			"last_name": "Mikhailov",
			"is_active": true,
			"is_superuser": false,
			"is_staff": true,
			"last_login": "2012-02-07 05:52:25",
			"groups": [],
			"user_permissions": [],
			"password": "sha1$952e1$174df742980677f302ca6cc0ed0e25cb6115294e",
			"email": "andrei@zemanta.com",
			"date_joined": "2012-01-03 00:00:00"
		}
	},
	{
		"pk": 11,
		"model": "auth.user",
		"fields": {
			"username": "tom",
			"first_name": "Tom",
			"last_name": "Primo\u017ei\u010d",
			"is_active": true,
			"is_superuser": false,
			"is_staff": true,
			"last_login": "2012-02-03 02:33:20",
			"groups": [],
			"user_permissions": [],
			"password": "sha1$02b8a$7f6bfeb812f2a81d14cb24eadbc8c03c536793f9",
			"email": "tom.primozic@zemanta.com",
			"date_joined": "2012-01-03 00:00:00"
		}
	},
	{
		"pk": 12,
		"model": "auth.user",
		"fields": {
			"username": "sparkica",
			"first_name": "Mateja",
			"last_name": "Verli\u010d",
			"is_active": true,
			"is_superuser": false,
			"is_staff": true,
			"last_login": "2012-02-03 07:33:09",
			"groups": [],
			"user_permissions": [],
			"password": "sha1$02b8a$7f6bfeb812f2a81d14cb24eadbc8c03c536793f9",
			"email": "mateja.verlic@zemanta.com",
			"date_joined": "2012-01-03 00:00:00"
		}
	},
	{
		"pk": 13,
		"model": "auth.user",
		"fields": {
			"username": "yukee",
			"first_name": "Jure",
			"last_name": "Vi\u017eintin",
			"is_active": true,
			"is_superuser": false,
			"is_staff": true,
			"last_login": "2012-01-03 00:00:00",
			"groups": [],
			"user_permissions": [],
			"password": "sha1$02b8a$7f6bfeb812f2a81d14cb24eadbc8c03c536793f9",
			"email": "jure.vizintin@zemanta.com",
			"date_joined": "2012-01-03 00:00:00"
		}
	},
	{
		"pk": 14,
		"model": "auth.user",
		"fields": {
			"username": "sinity",
			"first_name": "Nika",
			"last_name": "Brunet",
			"is_active": true,
			"is_superuser": true,
			"is_staff": true,
			"last_login": "2012-01-03 00:00:00",
			"groups": [],
			"user_permissions": [],
			"password": "sha1$02b8a$7f6bfeb812f2a81d14cb24eadbc8c03c536793f9",
			"email": "nika.brunet@zemanta.com",
			"date_joined": "2012-01-03 00:00:00"
		}
	},
	{
		"pk": 15,
		"model": "auth.user",
		"fields": {
			"username": "hamax",
			"first_name": "Jure",
			"last_name": "Ham",
			"is_active": true,
			"is_superuser": false,
			"is_staff": true,
			"last_login": "2012-02-06 04:21:22",
			"groups": [],
			"user_permissions": [],
			"password": "sha1$02b8a$7f6bfeb812f2a81d14cb24eadbc8c03c536793f9",
			"email": "jure.ham@zemanta.com",
			"date_joined": "2012-01-03 00:00:00"
		}
	},
	{
		"pk": 16,
		"model": "auth.user",
		"fields": {
			"username": "hipuzl",
			"first_name": "Toma\u017e",
			"last_name": "Kova\u010di\u010d",
			"is_active": true,
			"is_superuser": false,
			"is_staff": true,
			"last_login": "2012-01-06 04:30:25",
			"groups": [],
			"user_permissions": [],
			"password": "sha1$3d8ed$78b1aa5acb45dddac9a260000007f4a31be477ea",
			"email": "tomaz.kovacic@zemanta.com",
			"date_joined": "2012-01-03 00:00:00"
		}
	},
	{
		"pk": 17,
		"model": "auth.user",
		"fields": {
			"username": "swen",
			"first_name": "Marko",
			"last_name": "\u010celan",
			"is_active": true,
			"is_superuser": true,
			"is_staff": true,
			"last_login": "2012-02-10 04:16:47",
			"groups": [],
			"user_permissions": [],
			"password": "sha1$07d9c$f041301bb6d3821c462be1cede9de16ee591d16e",
			"email": "marko.celan@zemanta.com",
			"date_joined": "2012-01-03 00:00:00"
		}
	},
	{
		"pk": 18,
		"model": "auth.user",
		"fields": {
			"username": "drazen",
			"first_name": "Dra\u017een",
			"last_name": "Peri\u0107",
			"is_active": true,
			"is_superuser": false,
			"is_staff": true,
			"last_login": "2012-01-27 08:57:14",
			"groups": [],
			"user_permissions": [],
			"password": "sha1$5f78e$cce53ee533aaac9f5e7f960ca0f2c9a41815479b",
			"email": "drazen.peric@zemanta.com",
			"date_joined": "2012-01-05 09:18:42"
		}
	},
	{
		"pk": 19,
		"model": "auth.user",
		"fields": {
			"username": "ron",
			"first_name": "Ron ",
			"last_name": "Marquet",
			"is_active": true,
			"is_superuser": false,
			"is_staff": true,
			"last_login": "2012-01-27 09:18:32",
			"groups": [],
			"user_permissions": [],
			"password": "sha1$ebbb7$78a5d4e03829accf0bdf9f2b19cf832d0ef9cc0a",
			"email": "Ron.Marquet@zemanta.com",
			"date_joined": "2012-01-27 09:15:53"
		}
	},
	{
		"pk": 20,
		"model": "auth.user",
		"fields": {
			"username": "isac",
			"first_name": "Isac",
			"last_name": "Petruzzi",
			"is_active": true,
			"is_superuser": false,
			"is_staff": true,
			"last_login": "2012-02-10 02:57:30",
			"groups": [],
			"user_permissions": [],
			"password": "sha1$07d9c$292930cd934bdbc6ee6cb36e99ba3fb09ab6050b",
			"email": "isac.petruzzi@zemanta.com",
			"date_joined": "2012-02-07 08:59:03"
		}
	},
	{
		"pk": 1,
		"model": "web.profile",
		"fields": {
			"company": "Zemanta"
		}
	},
	{
		"pk": 2,
		"model": "web.profile",
		"fields": {
			"company": "Zemanta"
		}
	},
	{
		"pk": 3,
		"model": "web.profile",
		"fields": {
			"company": "Zemanta"
		}
	},
	{
		"pk": 4,
		"model": "web.profile",
		"fields": {
			"company": "Zemanta"
		}
	},
	{
		"pk": 5,
		"model": "web.profile",
		"fields": {
			"company": "Zemanta"
		}
	},
	{
		"pk": 6,
		"model": "web.profile",
		"fields": {
			"company": "Zemanta"
		}
	},
	{
		"pk": 7,
		"model": "web.profile",
		"fields": {
			"company": "Zemanta"
		}
	},
	{
		"pk": 8,
		"model": "web.profile",
		"fields": {
			"company": "Zemanta"
		}
	},
	{
		"pk": 9,
		"model": "web.profile",
		"fields": {
			"company": "Zemanta"
		}
	},
	{
		"pk": 10,
		"model": "web.profile",
		"fields": {
			"company": "Zemanta"
		}
	},
	{
		"pk": 11,
		"model": "web.profile",
		"fields": {
			"company": "Zemanta"
		}
	},
	{
		"pk": 12,
		"model": "web.profile",
		"fields": {
			"company": "Zemanta"
		}
	},
	{
		"pk": 13,
		"model": "web.profile",
		"fields": {
			"company": "Zemanta"
		}
	},
	{
		"pk": 14,
		"model": "web.profile",
		"fields": {
			"company": "Zemanta"
		}
	},
	{
		"pk": 15,
		"model": "web.profile",
		"fields": {
			"company": "Zemanta"
		}
	},
	{
		"pk": 16,
		"model": "web.profile",
		"fields": {
			"company": "Zemanta"
		}
	},
	{
		"pk": 17,
		"model": "web.profile",
		"fields": {
			"company": "Zemanta"
		}
	},
	{
		"pk": 18,
		"model": "web.profile",
		"fields": {
			"company": "Zemanta"
		}
	},
	{
		"pk": 1,
		"model": "web.sprint",
		"fields": {
			"one_day_score": 4,
			"date_begins": "2012-01-05 00:00:00",
			"goals": "Finish stuff",
			"sprint_number": 26,
			"date_ends": "2012-01-19 00:00:00",
			"name": "Build, Measure, Learn"
		}
	},
	{
		"pk": 2,
		"model": "web.sprint",
		"fields": {
			"one_day_score": 4,
			"date_begins": "2012-01-20 23:23:29",
			"goals": "finish it",
			"sprint_number": 27,
			"date_ends": "2012-02-02 23:59:00",
			"name": "Manage yourself"
		}
	},
	{
		"pk": 3,
		"model": "web.sprint",
		"fields": {
			"one_day_score": 4,
			"date_begins": "2012-02-06 23:00:00",
			"goals": "(Manage yourself)^2",
			"sprint_number": 28,
			"date_ends": "2012-02-17 00:00:00",
			"name": "Orange (ask Tom)"
		}
	},
	{
		"pk": 1,
		"model": "web.availability",
		"fields": {
			"sprint": 1,
			"user": 5,
			"days": 7
		}
	},
	{
		"pk": 2,
		"model": "web.availability",
		"fields": {
			"sprint": 1,
			"user": 10,
			"days": 7
		}
	},
	{
		"pk": 3,
		"model": "web.availability",
		"fields": {
			"sprint": 1,
			"user": 7,
			"days": 5
		}
	},
	{
		"pk": 4,
		"model": "web.availability",
		"fields": {
			"sprint": 1,
			"user": 8,
			"days": 9
		}
	},
	{
		"pk": 5,
		"model": "web.availability",
		"fields": {
			"sprint": 1,
			"user": 3,
			"days": 5
		}
	},
	{
		"pk": 6,
		"model": "web.availability",
		"fields": {
			"sprint": 1,
			"user": 17,
			"days": 4
		}
	},
	{
		"pk": 7,
		"model": "web.availability",
		"fields": {
			"sprint": 1,
			"user": 16,
			"days": 9
		}
	},
	{
		"pk": 8,
		"model": "web.availability",
		"fields": {
			"sprint": 1,
			"user": 15,
			"days": 4
		}
	},
	{
		"pk": 9,
		"model": "web.availability",
		"fields": {
			"sprint": 1,
			"user": 9,
			"days": 4
		}
	},
	{
		"pk": 10,
		"model": "web.availability",
		"fields": {
			"sprint": 2,
			"user": 10,
			"days": 8
		}
	},
	{
		"pk": 11,
		"model": "web.availability",
		"fields": {
			"sprint": 2,
			"user": 5,
			"days": 6
		}
	},
	{
		"pk": 12,
		"model": "web.availability",
		"fields": {
			"sprint": 2,
			"user": 9,
			"days": 2
		}
	},
	{
		"pk": 13,
		"model": "web.availability",
		"fields": {
			"sprint": 2,
			"user": 15,
			"days": 3
		}
	},
	{
		"pk": 14,
		"model": "web.availability",
		"fields": {
			"sprint": 2,
			"user": 3,
			"days": 4
		}
	},
	{
		"pk": 15,
		"model": "web.availability",
		"fields": {
			"sprint": 2,
			"user": 17,
			"days": 7
		}
	},
	{
		"pk": 16,
		"model": "web.availability",
		"fields": {
			"sprint": 2,
			"user": 7,
			"days": 4
		}
	},
	{
		"pk": 17,
		"model": "web.availability",
		"fields": {
			"sprint": 2,
			"user": 8,
			"days": 8
		}
	},
	{
		"pk": 18,
		"model": "web.availability",
		"fields": {
			"sprint": 2,
			"user": 16,
			"days": 6
		}
	},
	{
		"pk": 19,
		"model": "web.availability",
		"fields": {
			"sprint": 2,
			"user": 6,
			"days": 3
		}
	},
	{
		"pk": 4,
		"model": "web.story",
		"fields": {
			"created": "2012-01-04 08:16:05",
			"moscow": "M",
			"title": "Proceeding with WebMynd (FUCKING FINISH IT)",
			"created_by": 2,
			"time_boxed": false,
			"story_description": "fucking finish it. Nika, take over it, ASAP.",
			"state": "DEVELOPMENT",
			"additional_notes": "",
			"is_burning": false,
			"miss_planned": false,
			"is_green": false,
			"sprint": 1,
			"tags": ""
		}
	},
	{
		"pk": 3,
		"model": "web.story",
		"fields": {
			"created": "2012-01-04 04:14:02",
			"moscow": "S",
			"title": "Change initial messages",
			"created_by": 7,
			"time_boxed": false,
			"story_description": "After we changed \"Refine\" to \"Search\" some of the initial messages still have \"Refine\" in the text.",
			"state": "DONE",
			"additional_notes": "",
			"is_burning": false,
			"miss_planned": false,
			"is_green": false,
			"sprint": 1,
			"tags": "frontend, copy"
		}
	},
	{
		"pk": 5,
		"model": "web.story",
		"fields": {
			"created": "2012-01-04 08:21:53",
			"moscow": "M",
			"title": "IMPLEMENT FEATURED IMAGES SUPPORT ",
			"created_by": 2,
			"time_boxed": false,
			"story_description": "implement featured image",
			"state": "REVIEW-TESTING",
			"additional_notes": "",
			"is_burning": false,
			"miss_planned": false,
			"is_green": false,
			"sprint": 1,
			"tags": ""
		}
	},
	{
		"pk": 6,
		"model": "web.story",
		"fields": {
			"created": "2012-01-04 08:42:27",
			"moscow": "M",
			"title": "BLOGSPIRE-INSERTION SUPPORT IN ZEMANTA ",
			"created_by": 2,
			"time_boxed": false,
			"story_description": "as a blogspire user I want to be able to easily reblog a post\r\nmain scenario: user is already logged in\r\n[ TO BE DONE POSSIBLY ON FRIDAY ]\r\n\r\nto be tested: what happens if user is not logged in - can we avoid losing the insertion data url",
			"state": "DONE",
			"additional_notes": "",
			"is_burning": false,
			"miss_planned": false,
			"is_green": false,
			"sprint": 1,
			"tags": "blogspire"
		}
	},
	{
		"pk": 7,
		"model": "web.story",
		"fields": {
			"created": "2012-01-04 08:44:02",
			"moscow": "M",
			"title": "TYPEPAD COLLECTIVIZATION",
			"created_by": 2,
			"time_boxed": true,
			"story_description": "We have a deal to have typepad integration released in Q1. We want to see whether and how it is possible to make \u201cwidget\u201d deployment the priority in loaders.",
			"state": "REVIEW-TESTING",
			"additional_notes": "",
			"is_burning": false,
			"miss_planned": false,
			"is_green": false,
			"sprint": 1,
			"tags": ""
		}
	},
	{
		"pk": 8,
		"model": "web.story",
		"fields": {
			"created": "2012-01-04 08:49:21",
			"moscow": "M",
			"title": "NO MESSAGES ON COUNTER",
			"created_by": 2,
			"time_boxed": false,
			"story_description": "As a user I don\u2019t want to see messages on the counter screen, I want it to be visible on the initial after it.",
			"state": "DONE",
			"additional_notes": "",
			"is_burning": false,
			"miss_planned": false,
			"is_green": false,
			"sprint": 1,
			"tags": ""
		}
	},
	{
		"pk": 9,
		"model": "web.story",
		"fields": {
			"created": "2012-01-04 08:51:40",
			"moscow": "M",
			"title": "ADAPTATION TO JQUERY 1.7.1",
			"created_by": 2,
			"time_boxed": false,
			"story_description": "Move to jQuery 1.7.1 ",
			"state": "DONE",
			"additional_notes": "",
			"is_burning": false,
			"miss_planned": false,
			"is_green": false,
			"sprint": 1,
			"tags": ""
		}
	},
	{
		"pk": 10,
		"model": "web.story",
		"fields": {
			"created": "2012-01-04 08:53:37",
			"moscow": "M",
			"title": "GOOGLE ANALYTICS ASYNC LOGGING ",
			"created_by": 2,
			"time_boxed": false,
			"story_description": "Current implementation of GA logging is iframe based which means it (probably) slows down computers. GA already has async solution, but we didn't know how to correctly use it.\r\n",
			"state": "DONE",
			"additional_notes": "",
			"is_burning": false,
			"miss_planned": false,
			"is_green": false,
			"sprint": 1,
			"tags": ""
		}
	},
	{
		"pk": 11,
		"model": "web.story",
		"fields": {
			"created": "2012-01-04 08:55:19",
			"moscow": "M",
			"title": "MIGRATE WIDGET TO GIT",
			"created_by": 2,
			"time_boxed": false,
			"story_description": "Migrate widget to git",
			"state": "DEVELOPMENT",
			"additional_notes": "",
			"is_burning": false,
			"miss_planned": false,
			"is_green": false,
			"sprint": 1,
			"tags": "git"
		}
	},
	{
		"pk": 25,
		"model": "web.story",
		"fields": {
			"created": "2012-01-04 09:26:10",
			"moscow": "M",
			"title": "BUG WITH REMOVING IMAGES AFTER THEY HAVE BEEN RESIZED (PRODUCTION)",
			"created_by": 2,
			"time_boxed": false,
			"story_description": "As a user I would like to remove images after I have resized them with Zemanta settings.",
			"state": "DONE",
			"additional_notes": "",
			"is_burning": false,
			"miss_planned": false,
			"is_green": false,
			"sprint": 1,
			"tags": ""
		}
	},
	{
		"pk": 13,
		"model": "web.story",
		"fields": {
			"created": "2012-01-04 08:56:02",
			"moscow": "M",
			"title": "FINNISH MESSAGES ",
			"created_by": 2,
			"time_boxed": false,
			"story_description": "Make account for some things that got missed during implementation of the new messages.\r\n",
			"state": "DONE",
			"additional_notes": "",
			"is_burning": false,
			"miss_planned": false,
			"is_green": false,
			"sprint": 1,
			"tags": ""
		}
	},
	{
		"pk": 21,
		"model": "web.story",
		"fields": {
			"created": "2012-01-04 09:00:32",
			"moscow": "M",
			"title": "NO COUNTER IF THERE IS TEXT IN THE EDITOR",
			"created_by": 2,
			"time_boxed": true,
			"story_description": "As a user I would not like to get a glimpse of the counter saying 000 if I go to Edit post or zemanta.com/demo. A good demo of this error is www.zemanta.com/demo.",
			"state": "DONE",
			"additional_notes": "",
			"is_burning": false,
			"miss_planned": false,
			"is_green": false,
			"sprint": 1,
			"tags": ""
		}
	},
	{
		"pk": 22,
		"model": "web.story",
		"fields": {
			"created": "2012-01-04 09:01:35",
			"moscow": "M",
			"title": "Freeze emails",
			"created_by": 2,
			"time_boxed": false,
			"story_description": "Make sure email platforms are freezed",
			"state": "DONE",
			"additional_notes": "",
			"is_burning": false,
			"miss_planned": false,
			"is_green": false,
			"sprint": 1,
			"tags": ""
		}
	},
	{
		"pk": 23,
		"model": "web.story",
		"fields": {
			"created": "2012-01-04 09:14:40",
			"moscow": "M",
			"title": "Don't bug users with \"story not saved\" when nothing changed",
			"created_by": 2,
			"time_boxed": false,
			"story_description": "Make sure user does not get a warning about unsaved changes on Wordpress when she hasn't actually changed anything",
			"state": "REVIEW-TESTING",
			"additional_notes": "",
			"is_burning": false,
			"miss_planned": false,
			"is_green": false,
			"sprint": 1,
			"tags": ""
		}
	},
	{
		"pk": 24,
		"model": "web.story",
		"fields": {
			"created": "2012-01-04 09:19:45",
			"moscow": "M",
			"title": "Make an XDM branch",
			"created_by": 2,
			"time_boxed": false,
			"story_description": "Make a branch that uses EasyXDM as transport infrastructure ",
			"state": "REVIEW-TESTING",
			"additional_notes": "",
			"is_burning": false,
			"miss_planned": false,
			"is_green": false,
			"sprint": 1,
			"tags": ""
		}
	},
	{
		"pk": 26,
		"model": "web.story",
		"fields": {
			"created": "2012-01-04 09:26:59",
			"moscow": "M",
			"title": "GALLERY PERFORMANCE WHEN API RETURNS LOTS OF IMAGES",
			"created_by": 2,
			"time_boxed": true,
			"story_description": "Improve gallery performance when having lots of images",
			"state": "WAITING",
			"additional_notes": "",
			"is_burning": false,
			"miss_planned": false,
			"is_green": false,
			"sprint": 1,
			"tags": ""
		}
	},
	{
		"pk": 27,
		"model": "web.story",
		"fields": {
			"created": "2012-01-04 09:29:10",
			"moscow": "M",
			"title": "ZWEB FRONT PAGE A/B TESTS",
			"created_by": 14,
			"time_boxed": false,
			"story_description": "With Google Website Optimizer make an A/B Experiment and implement the demo on the first page.",
			"state": "DONE",
			"additional_notes": "",
			"is_burning": false,
			"miss_planned": false,
			"is_green": false,
			"sprint": 1,
			"tags": ""
		}
	},
	{
		"pk": 28,
		"model": "web.story",
		"fields": {
			"created": "2012-01-04 15:07:35",
			"moscow": "M",
			"title": "CONTINUE WITH WIKIPEDIA UPDATE",
			"created_by": 2,
			"time_boxed": false,
			"story_description": "When an updated gumbase with new wikipedia import will be ready it has to be thoroughly tested.",
			"state": "DONE",
			"additional_notes": "",
			"is_burning": false,
			"miss_planned": false,
			"is_green": false,
			"sprint": 1,
			"tags": ""
		}
	},
	{
		"pk": 30,
		"model": "web.story",
		"fields": {
			"created": "2012-01-04 15:08:24",
			"moscow": "M",
			"title": "IMPROVED PROMOTED-ONLY LINK REPORTING ",
			"created_by": 2,
			"time_boxed": false,
			"story_description": "As anyone working at Zemanta, I\u2019d like it if we could report only promoted links on our partner dashboard instead of all of them.",
			"state": "DONE",
			"additional_notes": "",
			"is_burning": false,
			"miss_planned": false,
			"is_green": false,
			"sprint": 1,
			"tags": ""
		}
	},
	{
		"pk": 75,
		"model": "web.story",
		"fields": {
			"created": "2012-01-09 11:16:31",
			"moscow": "M",
			"title": "WordPress Plugin Review",
			"created_by": 10,
			"time_boxed": false,
			"story_description": "Review Zemanta WordPress Plugin code.",
			"state": "FIRE",
			"additional_notes": "",
			"is_burning": true,
			"miss_planned": false,
			"is_green": false,
			"sprint": 1,
			"tags": ""
		}
	},
	{
		"pk": 76,
		"model": "web.story",
		"fields": {
			"created": "2012-01-10 09:28:04",
			"moscow": "M",
			"title": "Fix zemanta.com/demo",
			"created_by": 4,
			"time_boxed": false,
			"story_description": "- hide preferences on zemanta.com/demo\r\n- permanently disable messages for zemanta.com/demo (like wp.com)\r\n- disable prefs registration for key used on zemanta.com/demo",
			"state": "FIRE",
			"additional_notes": "",
			"is_burning": true,
			"miss_planned": false,
			"is_green": false,
			"sprint": 1,
			"tags": "demo"
		}
	},
	{
		"pk": 77,
		"model": "web.story",
		"fields": {
			"created": "2012-01-11 03:31:25",
			"moscow": "M",
			"title": "promoted content and main bucket mixup",
			"created_by": 16,
			"time_boxed": false,
			"story_description": "Fix ",
			"state": "FIRE",
			"additional_notes": "",
			"is_burning": true,
			"miss_planned": false,
			"is_green": false,
			"sprint": 1,
			"tags": ""
		}
	},
	{
		"pk": 33,
		"model": "web.story",
		"fields": {
			"created": "2012-01-04 15:08:46",
			"moscow": "M",
			"title": "DUPLICATE CAMPAIGN DOMAINS FIX ",
			"created_by": 2,
			"time_boxed": false,
			"story_description": "As a sales guy, I would like some kind of warning if I try and save a campaign that has the same domain as another campaign (which leads to broken reporting).",
			"state": "REVIEW-TESTING",
			"additional_notes": "",
			"is_burning": false,
			"miss_planned": false,
			"is_green": false,
			"sprint": 1,
			"tags": ""
		}
	},
	{
		"pk": 34,
		"model": "web.story",
		"fields": {
			"created": "2012-01-04 15:09:01",
			"moscow": "M",
			"title": "LITTLE REPS FIXES ",
			"created_by": 2,
			"time_boxed": false,
			"story_description": "\r\nAs a Sam having spent time in NY seeing the pain points of the sales team\u2019s reps usage, I\u2019d like to make some fixes to help them out.",
			"state": "REVIEW-TESTING",
			"additional_notes": "",
			"is_burning": false,
			"miss_planned": false,
			"is_green": false,
			"sprint": 1,
			"tags": ""
		}
	},
	{
		"pk": 35,
		"model": "web.story",
		"fields": {
			"created": "2012-01-04 15:09:17",
			"moscow": "M",
			"title": "ADD NUMBER OF INDEXED ITEMS FOR IN TEXT CAMPAIGNS IN REPS ",
			"created_by": 2,
			"time_boxed": false,
			"story_description": "On customer facing campaign reports view we currently display N/A for the number of indexed items since this info was not obtainable from WTD previously. Now that a REST call is in place, add aggregation of this data to reps and finally display this data to our end users on mentioned view.",
			"state": "DONE",
			"additional_notes": "",
			"is_burning": false,
			"miss_planned": false,
			"is_green": false,
			"sprint": 1,
			"tags": ""
		}
	},
	{
		"pk": 37,
		"model": "web.story",
		"fields": {
			"created": "2012-01-04 15:09:38",
			"moscow": "M",
			"title": " SUPPORT FOR ADDING SOURCE FEEDS TO CAMPAIGNS FROM  LOCAL FILES (REPS WEB INTERFACE)",
			"created_by": 2,
			"time_boxed": false,
			"story_description": "Add a second input form to the \u201cAdd a source feed to campaign\u201d view. This input form accepts a local file instead of URL. All the regular checking should be done as with URLs (check for proper RSS formatting and other). Then call the adder rest interface and add a file to aggregator.",
			"state": "DONE",
			"additional_notes": "",
			"is_burning": false,
			"miss_planned": false,
			"is_green": false,
			"sprint": 1,
			"tags": ""
		}
	},
	{
		"pk": 79,
		"model": "web.story",
		"fields": {
			"created": "2012-01-12 05:00:38",
			"moscow": "M",
			"title": "Promoted-Only Links Unit Test Refactor",
			"created_by": 8,
			"time_boxed": false,
			"story_description": "As a concerned developer, it would be nice to verify that all functionality is working as it should with this new partners/campaign.promoted_only_links field being set to YES as a default. The number of unit tests needed expands exponentially when a change like this happens, so have a little patience, geez.",
			"state": "FIRE",
			"additional_notes": "",
			"is_burning": true,
			"miss_planned": false,
			"is_green": false,
			"sprint": 1,
			"tags": "promoted-only-links, thursdays, beehives, Sasquatch"
		}
	},
	{
		"pk": 74,
		"model": "web.story",
		"fields": {
			"created": "2012-01-06 10:01:24",
			"moscow": "M",
			"title": "test fire by mr mutex",
			"created_by": 16,
			"time_boxed": false,
			"story_description": "jep!",
			"state": "FIRE",
			"additional_notes": "",
			"is_burning": true,
			"miss_planned": false,
			"is_green": false,
			"sprint": 1,
			"tags": "me, fire"
		}
	},
	{
		"pk": 40,
		"model": "web.story",
		"fields": {
			"created": "2012-01-04 15:10:24",
			"moscow": "M",
			"title": "FIGURE OUT VARYING CHARGED RECS/PROMOTED RECS BUG ",
			"created_by": 2,
			"time_boxed": true,
			"story_description": "As a nervous Sam, I want to figure out why 27 campaigns have different numbers of recommendations (when counting in two different ways!",
			"state": "DEVELOPMENT",
			"additional_notes": "",
			"is_burning": false,
			"miss_planned": false,
			"is_green": false,
			"sprint": 1,
			"tags": ""
		}
	},
	{
		"pk": 41,
		"model": "web.story",
		"fields": {
			"created": "2012-01-04 15:10:40",
			"moscow": "M",
			"title": "MONTHLY SALES PIPELINE STATISTICS ",
			"created_by": 2,
			"time_boxed": false,
			"story_description": "As a CEO I would like to have monthly statistics describing the sales pipeline:\r\n#partners       (new#$, lost#$, testing, paying),\r\n#campaigns      (new#$, lost#$, testing, paying),\r\n$bookings       per client and campaign (min, max, avg, realized),",
			"state": "REVIEW-TESTING",
			"additional_notes": "",
			"is_burning": false,
			"miss_planned": false,
			"is_green": false,
			"sprint": 1,
			"tags": ""
		}
	},
	{
		"pk": 78,
		"model": "web.story",
		"fields": {
			"created": "2012-01-11 07:42:53",
			"moscow": "M",
			"title": "promoted content - main bucket consistency check ",
			"created_by": 16,
			"time_boxed": false,
			"story_description": "Make a script",
			"state": "FIRE",
			"additional_notes": "",
			"is_burning": true,
			"miss_planned": false,
			"is_green": false,
			"sprint": 1,
			"tags": "work, promoted, mainbucket"
		}
	},
	{
		"pk": 43,
		"model": "web.story",
		"fields": {
			"created": "2012-01-04 15:11:03",
			"moscow": "M",
			"title": "PREPARE NEW WTD TESTING ARCHITECTURE AND DISCUSS IT ",
			"created_by": 2,
			"time_boxed": false,
			"story_description": "\r\nWe would like to have a better testing mechanism for deploying new WTD campaigns. This is why we will implement a new system for testing, which will primarily focus on per campaign performance and changes during various new deployments.",
			"state": "DONE",
			"additional_notes": "",
			"is_burning": false,
			"miss_planned": false,
			"is_green": false,
			"sprint": 1,
			"tags": ""
		}
	},
	{
		"pk": 44,
		"model": "web.story",
		"fields": {
			"created": "2012-01-04 15:11:19",
			"moscow": "M",
			"title": "NEW SOURCEFEEDS FROM FEEDS OF AGGREGATORS",
			"created_by": 2,
			"time_boxed": false,
			"story_description": "Feeds of good aggregators (reddit, hacker news, google news, blogs.com, FoodPress.com, ...) are good sources of new feeds that we could automatically put in our main bucket. By setting flag \"trusted aggregator\" of a feed, we would indicate that this is a good source of new feeds",
			"state": "DEVELOPMENT",
			"additional_notes": "",
			"is_burning": false,
			"miss_planned": false,
			"is_green": false,
			"sprint": 1,
			"tags": ""
		}
	},
	{
		"pk": 45,
		"model": "web.story",
		"fields": {
			"created": "2012-01-04 15:11:33",
			"moscow": "M",
			"title": "FIRST LINES CLEANING IMPROVEMENT ",
			"created_by": 2,
			"time_boxed": true,
			"story_description": "Check if we can fix output from boilerpipe using body_rss information",
			"state": "DONE",
			"additional_notes": "",
			"is_burning": false,
			"miss_planned": false,
			"is_green": false,
			"sprint": 1,
			"tags": ""
		}
	},
	{
		"pk": 71,
		"model": "web.story",
		"fields": {
			"created": "2012-01-05 06:26:02",
			"moscow": "M",
			"title": "FUCK YEAH USERTESTING",
			"created_by": 2,
			"time_boxed": false,
			"story_description": "Have at least 3 user testings in this sprint.",
			"state": "DONE",
			"additional_notes": "",
			"is_burning": false,
			"miss_planned": false,
			"is_green": false,
			"sprint": 1,
			"tags": ""
		}
	},
	{
		"pk": 72,
		"model": "web.story",
		"fields": {
			"created": "2012-01-05 06:34:05",
			"moscow": "M",
			"title": "DMOZ CRASH FIXES - IMPLEMENT THRIFT INTERFACE FOR DMOZ",
			"created_by": 2,
			"time_boxed": false,
			"story_description": "As anyone at Zemanta, I\u2019d like DMOZ to not crash out",
			"state": "WAITING",
			"additional_notes": "",
			"is_burning": false,
			"miss_planned": false,
			"is_green": false,
			"sprint": 1,
			"tags": ""
		}
	},
	{
		"pk": 47,
		"model": "web.story",
		"fields": {
			"created": "2012-01-04 15:11:52",
			"moscow": "M",
			"title": "DETECT WORDPRESS FEATURED IMAGES AND IMAGES INCLUDED BY ZEMANTA",
			"created_by": 2,
			"time_boxed": false,
			"story_description": "Make sure thumbnailer works for wordpress featured images and images included by zemanta\r\n",
			"state": "WAITING",
			"additional_notes": "",
			"is_burning": false,
			"miss_planned": false,
			"is_green": false,
			"sprint": 1,
			"tags": ""
		}
	},
	{
		"pk": 48,
		"model": "web.story",
		"fields": {
			"created": "2012-01-04 15:12:16",
			"moscow": "M",
			"title": "SPLIT AMAZON TEST/PROD ACCOUNTS ",
			"created_by": 2,
			"time_boxed": true,
			"story_description": "As a CTO I want to have production and testing accounts of amazon separated\t[NIKA creates an account!]",
			"state": "DONE",
			"additional_notes": "",
			"is_burning": false,
			"miss_planned": false,
			"is_green": false,
			"sprint": 1,
			"tags": "marko"
		}
	},
	{
		"pk": 49,
		"model": "web.story",
		"fields": {
			"created": "2012-01-04 15:12:36",
			"moscow": "M",
			"title": "UPGRADE TO CELERY 2.4.3 ",
			"created_by": 2,
			"time_boxed": false,
			"story_description": "We have some problems with stability of Celery and want to upgrade to a newer version of Celery (2.4.3).",
			"state": "DONE",
			"additional_notes": "",
			"is_burning": false,
			"miss_planned": false,
			"is_green": false,
			"sprint": 1,
			"tags": "marko"
		}
	},
	{
		"pk": 51,
		"model": "web.story",
		"fields": {
			"created": "2012-01-04 15:12:59",
			"moscow": "M",
			"title": "UPGRADE CASSANDRA TO 1.0.5 ",
			"created_by": 2,
			"time_boxed": false,
			"story_description": "Cassandra makes big leaps, so we should follow her.",
			"state": "DONE",
			"additional_notes": "",
			"is_burning": false,
			"miss_planned": false,
			"is_green": false,
			"sprint": 1,
			"tags": "marko"
		}
	},
	{
		"pk": 70,
		"model": "web.story",
		"fields": {
			"created": "2012-01-05 06:24:52",
			"moscow": "M",
			"title": "IMAGE SOURCES PROTOTYPE #1 ",
			"created_by": null,
			"time_boxed": false,
			"story_description": "Make a prototype of possible interaction for adding image sources and putting search fields front field.",
			"state": "DONE",
			"additional_notes": "",
			"is_burning": false,
			"miss_planned": false,
			"is_green": false,
			"sprint": 1,
			"tags": ""
		}
	},
	{
		"pk": 53,
		"model": "web.story",
		"fields": {
			"created": "2012-01-04 15:13:26",
			"moscow": "M",
			"title": "MAKE REPORTS ACCESSIBLE ONLY THROUGH HTTPS ",
			"created_by": 2,
			"time_boxed": false,
			"story_description": "As a corporate user I\u2019m supposed to be wary of entering any credentials into non-https sites.\r\n",
			"state": "DONE",
			"additional_notes": "",
			"is_burning": false,
			"miss_planned": false,
			"is_green": false,
			"sprint": 1,
			"tags": "marko"
		}
	},
	{
		"pk": 54,
		"model": "web.story",
		"fields": {
			"created": "2012-01-04 15:13:45",
			"moscow": "M",
			"title": "OCTO AND SHAIR2 TESTS FOR PROMOTED CONTENT UPDATE ",
			"created_by": 2,
			"time_boxed": false,
			"story_description": "As an administrator I need tests on production to pass without failures.\r\n",
			"state": "WAITING",
			"additional_notes": "",
			"is_burning": false,
			"miss_planned": false,
			"is_green": false,
			"sprint": null,
			"tags": ""
		}
	},
	{
		"pk": 55,
		"model": "web.story",
		"fields": {
			"created": "2012-01-04 15:14:27",
			"moscow": "M",
			"title": "PROPER DEPLOY OF ZLIBS",
			"created_by": 2,
			"time_boxed": false,
			"story_description": "Zlibs is a stable library and it should be treated as such.",
			"state": "DONE",
			"additional_notes": "",
			"is_burning": false,
			"miss_planned": false,
			"is_green": false,
			"sprint": 1,
			"tags": ""
		}
	},
	{
		"pk": 56,
		"model": "web.story",
		"fields": {
			"created": "2012-01-04 15:15:04",
			"moscow": "M",
			"title": "MOVE OCTO TO GIT",
			"created_by": 2,
			"time_boxed": false,
			"story_description": "I would like to have octo fully packable and deployable again (alongside zlibs/lrm)",
			"state": "REVIEW-TESTING",
			"additional_notes": "",
			"is_burning": false,
			"miss_planned": false,
			"is_green": false,
			"sprint": 1,
			"tags": ""
		}
	},
	{
		"pk": 57,
		"model": "web.story",
		"fields": {
			"created": "2012-01-04 15:15:21",
			"moscow": "M",
			"title": "MOVE REPS TO GIT ",
			"created_by": 2,
			"time_boxed": false,
			"story_description": "As a part of migration to git, reps should move there.\r\n",
			"state": "REVIEW-TESTING",
			"additional_notes": "",
			"is_burning": false,
			"miss_planned": false,
			"is_green": false,
			"sprint": 1,
			"tags": ""
		}
	},
	{
		"pk": 58,
		"model": "web.story",
		"fields": {
			"created": "2012-01-04 15:17:33",
			"moscow": "M",
			"title": "CEBPIPE CODEBASE INTEGRATION ",
			"created_by": 2,
			"time_boxed": false,
			"story_description": "Right now I have a anon repository for cebpipe. I would like to move it to the new aggregator git repository and also find a new place for cebpipelib wich is currently residing inside neith.aggregator",
			"state": "DONE",
			"additional_notes": "",
			"is_burning": false,
			"miss_planned": false,
			"is_green": false,
			"sprint": 1,
			"tags": ""
		}
	},
	{
		"pk": 59,
		"model": "web.story",
		"fields": {
			"created": "2012-01-04 15:17:45",
			"moscow": "M",
			"title": "LANGUAGE DETECTION WITH Google's Compact Language Detector ",
			"created_by": 2,
			"time_boxed": false,
			"story_description": "chromium isolated its language detection API into a neat and programmer friendly python wrapper. I would like to replace it it with our current solution\r\n",
			"state": "DONE",
			"additional_notes": "",
			"is_burning": false,
			"miss_planned": false,
			"is_green": false,
			"sprint": 1,
			"tags": ""
		}
	},
	{
		"pk": 69,
		"model": "web.story",
		"fields": {
			"created": "2012-01-05 06:24:51",
			"moscow": "M",
			"title": "IMAGE SOURCES PROTOTYPE #2",
			"created_by": 2,
			"time_boxed": false,
			"story_description": "Make a drastically different prototype of possible interaction for adding image sources and putting search fields front field.",
			"state": "WAITING",
			"additional_notes": "",
			"is_burning": false,
			"miss_planned": false,
			"is_green": false,
			"sprint": 1,
			"tags": ""
		}
	},
	{
		"pk": 63,
		"model": "web.story",
		"fields": {
			"created": "2012-01-04 15:18:51",
			"moscow": "M",
			"title": "JUPITER TO PRODUCTION ",
			"created_by": 2,
			"time_boxed": false,
			"story_description": "Jupiter uses SSDs. It should be used for production\r\n",
			"state": "REVIEW-TESTING",
			"additional_notes": "",
			"is_burning": false,
			"miss_planned": false,
			"is_green": false,
			"sprint": 1,
			"tags": ""
		}
	},
	{
		"pk": 73,
		"model": "web.story",
		"fields": {
			"created": "2012-01-05 07:07:27",
			"moscow": "S",
			"title": "MOVE DEVPORTAL TO GIT",
			"created_by": 2,
			"time_boxed": false,
			"story_description": "MOVE DEVPORTAL TO GIT",
			"state": "REVIEW-TESTING",
			"additional_notes": "",
			"is_burning": false,
			"miss_planned": false,
			"is_green": false,
			"sprint": 1,
			"tags": ""
		}
	},
	{
		"pk": 66,
		"model": "web.story",
		"fields": {
			"created": "2012-01-04 15:19:34",
			"moscow": "M",
			"title": "TRAC GUIDELINES ",
			"created_by": 2,
			"time_boxed": false,
			"story_description": "As a PM, I would like to have Trac fully functional for bug tracking. Detailed guidelines about using Trac need to be written.\r\n",
			"state": "DONE",
			"additional_notes": "",
			"is_burning": false,
			"miss_planned": false,
			"is_green": false,
			"sprint": 1,
			"tags": "nika"
		}
	},
	{
		"pk": 80,
		"model": "web.story",
		"fields": {
			"created": "2012-01-12 05:05:12",
			"moscow": "M",
			"title": "Bugs Surrounding Promoted-only Link Reporting",
			"created_by": 8,
			"time_boxed": false,
			"story_description": "After releasing and re-releasing promoted-only link reporting, there were several bugs that came up that needed tackling right away\r\n\r\nDetails:\r\n- Graphs need to work right (Sam) - fixed, turns out there's another code path for calculating these things\r\n- Recommendation mapping to campaign_id (during recsgather) needs to be fixed (Sam) - caching issue\r\n- There is a need for promoted-only indexed items (Andraz)",
			"state": "FIRE",
			"additional_notes": "",
			"is_burning": true,
			"miss_planned": false,
			"is_green": false,
			"sprint": 1,
			"tags": "promoted-only links, Starbucks, yellow number 5"
		}
	},
	{
		"pk": 85,
		"model": "web.story",
		"fields": {
			"created": "2012-01-19 08:16:58",
			"moscow": "",
			"title": " MIGRATE WIDGET TO GIT",
			"created_by": null,
			"time_boxed": false,
			"story_description": "",
			"state": "DEVELOPMENT",
			"additional_notes": "",
			"is_burning": false,
			"miss_planned": false,
			"is_green": false,
			"sprint": 2,
			"tags": ""
		}
	},
	{
		"pk": 86,
		"model": "web.story",
		"fields": {
			"created": null,
			"moscow": "M",
			"title": "RELEASE WIDGET WITH EASYXDM",
			"created_by": 10,
			"time_boxed": false,
			"story_description": "Make EasyXDM production ready\r\n\r\nFake loaders on following platforms to make it possible to test easyxdm in the real world:\r\n1) wp.com 3.3 (plugin + widget)\r\n2) tumblr.com\r\n3) blogger\r\n\r\nFix in the code\r\n1) doCallback\r\n2) error reporting from provider\r\n3) hack loaders\r\n",
			"state": "REVIEW-TESTING",
			"additional_notes": "a",
			"is_burning": false,
			"miss_planned": false,
			"is_green": false,
			"sprint": 2,
			"tags": ""
		}
	},
	{
		"pk": 89,
		"model": "web.story",
		"fields": {
			"created": null,
			"moscow": "",
			"title": "GALLERY PERFORMANCE WHEN API RETURNS LOTS OF IMAGES",
			"created_by": null,
			"time_boxed": false,
			"story_description": "Improve gallery performance when having lots of images",
			"state": "REVIEW-TESTING",
			"additional_notes": "",
			"is_burning": false,
			"miss_planned": false,
			"is_green": false,
			"sprint": 2,
			"tags": ""
		}
	},
	{
		"pk": 90,
		"model": "web.story",
		"fields": {
			"created": null,
			"moscow": "",
			"title": "REMOVING IMAGE FROM TEXT",
			"created_by": null,
			"time_boxed": false,
			"story_description": "Bug happens when you: add text| add image at the beginning of the text| select first part of text and added image, and then remove all together (backspace/delete)| after that, click on \"update\" image that was clicked before, will be shown as \"clicked\", even if it doesn't exist in text anymore",
			"state": "WAITING",
			"additional_notes": "",
			"is_burning": false,
			"miss_planned": false,
			"is_green": false,
			"sprint": 2,
			"tags": ""
		}
	},
	{
		"pk": 84,
		"model": "web.story",
		"fields": {
			"created": "2012-01-13 03:38:25",
			"moscow": "M",
			"title": "Widget Bugs",
			"created_by": 15,
			"time_boxed": false,
			"story_description": "Counter didn't correctly close and reopen tabs and preferences tab wasn't always rendered correctly.",
			"state": "FIRE",
			"additional_notes": "",
			"is_burning": true,
			"miss_planned": false,
			"is_green": false,
			"sprint": 1,
			"tags": "widget"
		}
	},
	{
		"pk": 87,
		"model": "web.story",
		"fields": {
			"created": null,
			"moscow": "",
			"title": "SETUP MAC-MINI TO BE ACCESSIBLE VIA VNC",
			"created_by": null,
			"time_boxed": false,
			"story_description": "Use a machine that can have safari installed for the purpose of building extension.",
			"state": "DONE",
			"additional_notes": "",
			"is_burning": false,
			"miss_planned": false,
			"is_green": false,
			"sprint": 2,
			"tags": ""
		}
	},
	{
		"pk": 88,
		"model": "web.story",
		"fields": {
			"created": null,
			"moscow": "",
			"title": "IMPLEMENT FEATURED IMAGES SUPPORT",
			"created_by": null,
			"time_boxed": false,
			"story_description": "implement featured image",
			"state": "DEVELOPMENT",
			"additional_notes": "",
			"is_burning": false,
			"miss_planned": false,
			"is_green": false,
			"sprint": 2,
			"tags": ""
		}
	},
	{
		"pk": 91,
		"model": "web.story",
		"fields": {
			"created": null,
			"moscow": "",
			"title": "MAKE SEARCH-IN-YOUR-FACE",
			"created_by": null,
			"time_boxed": false,
			"story_description": "As a user I\u2019d like to search when I want, not when Zemanta allows it.",
			"state": "WAITING",
			"additional_notes": "",
			"is_burning": false,
			"miss_planned": false,
			"is_green": false,
			"sprint": 2,
			"tags": ""
		}
	},
	{
		"pk": 92,
		"model": "web.story",
		"fields": {
			"created": null,
			"moscow": "",
			"title": "TEST AND RELEASE WORDPRESS PLUG-IN",
			"created_by": null,
			"time_boxed": false,
			"story_description": "Make one more ",
			"state": "REVIEW-TESTING",
			"additional_notes": "",
			"is_burning": false,
			"miss_planned": false,
			"is_green": false,
			"sprint": 2,
			"tags": ""
		}
	},
	{
		"pk": 93,
		"model": "web.story",
		"fields": {
			"created": null,
			"moscow": "",
			"title": "TEST A/B - PREFERENCES/OPTIONS",
			"created_by": null,
			"time_boxed": false,
			"story_description": "",
			"state": "DONE",
			"additional_notes": "",
			"is_burning": false,
			"miss_planned": false,
			"is_green": false,
			"sprint": 2,
			"tags": ""
		}
	},
	{
		"pk": 94,
		"model": "web.story",
		"fields": {
			"created": null,
			"moscow": "",
			"title": "PRESENTATION ON DJANGO PRACTICES",
			"created_by": 2,
			"time_boxed": false,
			"story_description": "Pancho prepares presenation on good django practices (not all participants are listed)",
			"state": "DONE",
			"additional_notes": "",
			"is_burning": false,
			"miss_planned": false,
			"is_green": false,
			"sprint": 2,
			"tags": ""
		}
	},
	{
		"pk": 95,
		"model": "web.story",
		"fields": {
			"created": null,
			"moscow": "",
			"title": "PREFS PREFILL URL FIELDS WITH HTTP://",
			"created_by": null,
			"time_boxed": false,
			"story_description": "",
			"state": "DONE",
			"additional_notes": "",
			"is_burning": false,
			"miss_planned": false,
			"is_green": false,
			"sprint": 2,
			"tags": ""
		}
	},
	{
		"pk": 96,
		"model": "web.story",
		"fields": {
			"created": null,
			"moscow": "",
			"title": "INVENT RELATED ARTICLES WITH IMAGES",
			"created_by": null,
			"time_boxed": false,
			"story_description": "do it, limit yourself to wp3.3\nhttp://zemantified.wordpress.com/2012/01/18/reuters-launches-internet-tv-channel-on-youtube/ )\n",
			"state": "DONE",
			"additional_notes": "",
			"is_burning": false,
			"miss_planned": false,
			"is_green": false,
			"sprint": 2,
			"tags": ""
		}
	},
	{
		"pk": 97,
		"model": "web.story",
		"fields": {
			"created": null,
			"moscow": "",
			"title": "ZWEB FRONT PAGE AB TESTS",
			"created_by": null,
			"time_boxed": false,
			"story_description": "With Google Website Optimizer make an AB Experiment and implement the demo on the first page. Change the image on the homepage for big actionable text that leads to demo ",
			"state": "DONE",
			"additional_notes": "",
			"is_burning": false,
			"miss_planned": false,
			"is_green": false,
			"sprint": 2,
			"tags": ""
		}
	},
	{
		"pk": 98,
		"model": "web.story",
		"fields": {
			"created": null,
			"moscow": "",
			"title": "ADD PER-URL EARNED LINKS REPORTING TO DASHBOARD",
			"created_by": null,
			"time_boxed": false,
			"story_description": "As a partner I\u2019d like to see per-url reports on how many recommendations were made and how many links I earned from them",
			"state": "REVIEW-TESTING",
			"additional_notes": "",
			"is_burning": false,
			"miss_planned": false,
			"is_green": false,
			"sprint": 2,
			"tags": ""
		}
	},
	{
		"pk": 99,
		"model": "web.story",
		"fields": {
			"created": null,
			"moscow": "",
			"title": "MONITORING PER-URL RECOMMENDATION-LINK MATCHING IS WORKING PROPERLY",
			"created_by": null,
			"time_boxed": false,
			"story_description": "",
			"state": "WAITING",
			"additional_notes": "",
			"is_burning": false,
			"miss_planned": false,
			"is_green": false,
			"sprint": 3,
			"tags": ""
		}
	},
	{
		"pk": 100,
		"model": "web.story",
		"fields": {
			"created": null,
			"moscow": "",
			"title": "MAKE A PLAN FOR MIGRATING OLD CAMPAIGNS TO NEW-STYLE REPORTING",
			"created_by": null,
			"time_boxed": false,
			"story_description": "We don\u2019t know what to do with old data, new models, etc. ",
			"state": "REVIEW-TESTING",
			"additional_notes": "",
			"is_burning": false,
			"miss_planned": false,
			"is_green": false,
			"sprint": 2,
			"tags": ""
		}
	},
	{
		"pk": 101,
		"model": "web.story",
		"fields": {
			"created": null,
			"moscow": "",
			"title": "DUPLICATE CAMPAIGN DOMAINS FIX",
			"created_by": null,
			"time_boxed": false,
			"story_description": "As a sales guy, I would like some kind of warning if I try and save a campaign that has the same domain as another campaign (which leads to fucked up reporting).",
			"state": "DONE",
			"additional_notes": "",
			"is_burning": false,
			"miss_planned": false,
			"is_green": false,
			"sprint": 2,
			"tags": ""
		}
	},
	{
		"pk": 102,
		"model": "web.story",
		"fields": {
			"created": null,
			"moscow": "",
			"title": "FIGURE OUT VARYING CHARGED RECS/PROMOTED RECS BUG",
			"created_by": null,
			"time_boxed": true,
			"story_description": "As a nervous Sam, I want to figure out why 27 campaigns have different numbers of recommendations (when counting in two different ways!",
			"state": "WAITING",
			"additional_notes": "",
			"is_burning": false,
			"miss_planned": false,
			"is_green": false,
			"sprint": 3,
			"tags": ""
		}
	},
	{
		"pk": 103,
		"model": "web.story",
		"fields": {
			"created": null,
			"moscow": "",
			"title": "MONTHLY SALES PIPELINE STATISTICS FINISHING",
			"created_by": null,
			"time_boxed": false,
			"story_description": "As a CEO I would like to have monthly statistics describing the sales pipeline:",
			"state": "REVIEW-TESTING",
			"additional_notes": "",
			"is_burning": false,
			"miss_planned": false,
			"is_green": false,
			"sprint": 2,
			"tags": ""
		}
	},
	{
		"pk": 104,
		"model": "web.story",
		"fields": {
			"created": null,
			"moscow": "",
			"title": "NEW SOURCEFEEDS FROM FEEDS OF AGGREGATORS FINISHING",
			"created_by": null,
			"time_boxed": false,
			"story_description": "Feeds of good aggregators (reddit, hacker news, google news, blogs.com, FoodPress.com, ...) are good sources of new feeds that we could automatically put in our main bucket. By setting flag \"trusted aggregator\" of a feed, we would indicate that this is a good source of new feeds",
			"state": "DONE",
			"additional_notes": "",
			"is_burning": false,
			"miss_planned": false,
			"is_green": false,
			"sprint": 2,
			"tags": ""
		}
	},
	{
		"pk": 105,
		"model": "web.story",
		"fields": {
			"created": null,
			"moscow": "",
			"title": "CHANGE FETCHING PERIOD SETTING ON AGGREGATOR",
			"created_by": null,
			"time_boxed": false,
			"story_description": "",
			"state": "DONE",
			"additional_notes": "",
			"is_burning": false,
			"miss_planned": false,
			"is_green": false,
			"sprint": 2,
			"tags": ""
		}
	},
	{
		"pk": 106,
		"model": "web.story",
		"fields": {
			"created": null,
			"moscow": "",
			"title": "IMPROVE FRIST LINES DETECTION BY HINTING BOILERPIPE WITH FEED DATA",
			"created_by": null,
			"time_boxed": false,
			"story_description": "As Mr.Mutex I would like to improve boilerpipe with an extra parameter that would hint the begigging of the article",
			"state": "DONE",
			"additional_notes": "",
			"is_burning": false,
			"miss_planned": false,
			"is_green": false,
			"sprint": 2,
			"tags": ""
		}
	},
	{
		"pk": 107,
		"model": "web.story",
		"fields": {
			"created": null,
			"moscow": "",
			"title": "USE MEDIA_THUMBNAIL FROM RSS TO DETECT IMAGES",
			"created_by": null,
			"time_boxed": false,
			"story_description": "",
			"state": "DONE",
			"additional_notes": "",
			"is_burning": false,
			"miss_planned": false,
			"is_green": false,
			"sprint": 3,
			"tags": ""
		}
	},
	{
		"pk": 108,
		"model": "web.story",
		"fields": {
			"created": null,
			"moscow": "",
			"title": "DETECT IMAGES INCLUDED BY ZEMANTA",
			"created_by": null,
			"time_boxed": false,
			"story_description": "Make sure thumbnailer works for images included by zemanta",
			"state": "DONE",
			"additional_notes": "",
			"is_burning": false,
			"miss_planned": false,
			"is_green": false,
			"sprint": 2,
			"tags": ""
		}
	},
	{
		"pk": 109,
		"model": "web.story",
		"fields": {
			"created": null,
			"moscow": "",
			"title": "MIGRATE AWS ACCOUNTS - MIGRATE EC2",
			"created_by": null,
			"time_boxed": false,
			"story_description": "We need to move production off CTOs personal account and split account to production and development/testing/staging.\nCurrently we have 3 running instances on EC2 (papi, thumbdlnode and gpproxy). Since we have redundant infrastructure shuting down and setting it up under another account shouldn't affect user experience. We can also minimize \"downtime\" by running instatnces in both accounts simultaneously.",
			"state": "DONE",
			"additional_notes": "",
			"is_burning": false,
			"miss_planned": false,
			"is_green": false,
			"sprint": 2,
			"tags": ""
		}
	},
	{
		"pk": 110,
		"model": "web.story",
		"fields": {
			"created": null,
			"moscow": "",
			"title": "MAKE REPORTS ACCESSIBLE ONLY THROUGH HTTPS",
			"created_by": null,
			"time_boxed": false,
			"story_description": "As a corporate user I\u2019m supposed to be wary of entering any credentials into non-https sites.",
			"state": "DONE",
			"additional_notes": "",
			"is_burning": false,
			"miss_planned": false,
			"is_green": false,
			"sprint": 2,
			"tags": ""
		}
	},
	{
		"pk": 111,
		"model": "web.story",
		"fields": {
			"created": null,
			"moscow": "",
			"title": "MOVE REPS TO GIT",
			"created_by": null,
			"time_boxed": false,
			"story_description": "As a part of migration to git, reps should move there.",
			"state": "DONE",
			"additional_notes": "",
			"is_burning": false,
			"miss_planned": false,
			"is_green": false,
			"sprint": 2,
			"tags": ""
		}
	},
	{
		"pk": 112,
		"model": "web.story",
		"fields": {
			"created": null,
			"moscow": "",
			"title": "MOVE OCTO TO GIT",
			"created_by": null,
			"time_boxed": false,
			"story_description": "Again, same thing with octo.",
			"state": "DONE",
			"additional_notes": "",
			"is_burning": false,
			"miss_planned": false,
			"is_green": false,
			"sprint": 2,
			"tags": ""
		}
	},
	{
		"pk": 113,
		"model": "web.story",
		"fields": {
			"created": null,
			"moscow": "",
			"title": "JUPITER TO PRODUCTION",
			"created_by": null,
			"time_boxed": false,
			"story_description": "Jupiter uses SSDs. It should be used for production",
			"state": "DONE",
			"additional_notes": "",
			"is_burning": false,
			"miss_planned": false,
			"is_green": false,
			"sprint": 2,
			"tags": ""
		}
	},
	{
		"pk": 114,
		"model": "web.story",
		"fields": {
			"created": null,
			"moscow": "",
			"title": "FIX JUPITER",
			"created_by": null,
			"time_boxed": false,
			"story_description": "Jupiter's connection is now 100mbps instead of 1gbps",
			"state": "DONE",
			"additional_notes": "",
			"is_burning": false,
			"miss_planned": false,
			"is_green": false,
			"sprint": 2,
			"tags": ""
		}
	},
	{
		"pk": 115,
		"model": "web.story",
		"fields": {
			"created": null,
			"moscow": "",
			"title": "DEVPORTAL 2 GIT",
			"created_by": null,
			"time_boxed": false,
			"story_description": "",
			"state": "DONE",
			"additional_notes": "",
			"is_burning": false,
			"miss_planned": false,
			"is_green": false,
			"sprint": 2,
			"tags": ""
		}
	},
	{
		"pk": 117,
		"model": "web.story",
		"fields": {
			"created": null,
			"moscow": "",
			"title": "MANUAL SETTING OF THROTTLING FACTOR FOR IN  TEXT CAMPAIGNS",
			"created_by": null,
			"time_boxed": false,
			"story_description": "Implement manual setting of in text campaign throttling factor. Bring this functionality to admin campaign view. Task break down:",
			"state": "DONE",
			"additional_notes": "",
			"is_burning": false,
			"miss_planned": false,
			"is_green": false,
			"sprint": 2,
			"tags": ""
		}
	},
	{
		"pk": 118,
		"model": "web.story",
		"fields": {
			"created": null,
			"moscow": "",
			"title": "AUTOMATED OUTREACH RESPONSE EMAILS",
			"created_by": null,
			"time_boxed": false,
			"story_description": "As a sales guy I\u2019d like it if an automated response email was sent when someone fills out our outreach page form",
			"state": "BACKLOG",
			"additional_notes": "",
			"is_burning": false,
			"miss_planned": false,
			"is_green": false,
			"sprint": null,
			"tags": ""
		}
	},
	{
		"pk": 119,
		"model": "web.story",
		"fields": {
			"created": null,
			"moscow": "",
			"title": "IMPLEMENT GOOGLE ANALYTICS IN REPS",
			"created_by": null,
			"time_boxed": false,
			"story_description": "Reps3: Add google analytics to reps3, but do not include it when people are logged in as admin/sales or have local ip.",
			"state": "DONE",
			"additional_notes": "",
			"is_burning": false,
			"miss_planned": false,
			"is_green": false,
			"sprint": 2,
			"tags": ""
		}
	},
	{
		"pk": 120,
		"model": "web.story",
		"fields": {
			"created": "2012-01-19 08:30:01",
			"moscow": "",
			"title": "SALES ALERT EMAILS REVAMP (PRODUCT)",
			"created_by": null,
			"time_boxed": false,
			"story_description": "As a sales guy I\u2019d like to get more value out of my alerts emails.",
			"state": "BACKLOG",
			"additional_notes": "",
			"is_burning": false,
			"miss_planned": false,
			"is_green": false,
			"sprint": null,
			"tags": ""
		}
	},
	{
		"pk": 121,
		"model": "web.story",
		"fields": {
			"created": "2012-01-19 08:30:07",
			"moscow": "",
			"title": "ANALYZE CONSIS CHECK LOGS",
			"created_by": null,
			"time_boxed": false,
			"story_description": "I would like to report back to Andra\u017e how many inconsistencies were in aggregator.",
			"state": "DONE",
			"additional_notes": "",
			"is_burning": false,
			"miss_planned": false,
			"is_green": false,
			"sprint": 2,
			"tags": ""
		}
	},
	{
		"pk": 122,
		"model": "web.story",
		"fields": {
			"created": null,
			"moscow": "",
			"title": "MAKE SURE NEW ARTICLE DATA GETS PROPAGATED WHEN IT IS SEEN IN A NEW SOURCEFEED",
			"created_by": null,
			"time_boxed": false,
			"story_description": "",
			"state": "DONE",
			"additional_notes": "",
			"is_burning": false,
			"miss_planned": false,
			"is_green": false,
			"sprint": 2,
			"tags": ""
		}
	},
	{
		"pk": 132,
		"model": "web.story",
		"fields": {
			"created": "2012-02-02 08:56:03",
			"moscow": "",
			"title": "CREATE TOOLS.GIT REPOSITORY",
			"created_by": 2,
			"time_boxed": false,
			"story_description": "",
			"state": "DONE",
			"additional_notes": "",
			"is_burning": false,
			"miss_planned": false,
			"is_green": false,
			"sprint": 3,
			"tags": ""
		}
	},
	{
		"pk": 124,
		"model": "web.story",
		"fields": {
			"created": null,
			"moscow": "",
			"title": "MEETING ON SOCIAL SIGNALS INTEGRATION",
			"created_by": null,
			"time_boxed": false,
			"story_description": "",
			"state": "DONE",
			"additional_notes": "",
			"is_burning": false,
			"miss_planned": false,
			"is_green": false,
			"sprint": 2,
			"tags": ""
		}
	},
	{
		"pk": 125,
		"model": "web.story",
		"fields": {
			"created": null,
			"moscow": "",
			"title": "DMOZ CRASH FIXES - IMPLEMENT THRIFT INTERFACE FOR DMOZ",
			"created_by": null,
			"time_boxed": false,
			"story_description": "As anyone at Zemanta, I\u2019d like DMOZ to not crash out",
			"state": "WAITING",
			"additional_notes": "",
			"is_burning": false,
			"miss_planned": false,
			"is_green": false,
			"sprint": 3,
			"tags": ""
		}
	},
	{
		"pk": 134,
		"model": "web.story",
		"fields": {
			"created": "2012-02-02 08:56:20",
			"moscow": "",
			"title": "RELEASE WIDGET WITH EASYXDM",
			"created_by": 2,
			"time_boxed": false,
			"story_description": "Make EasyXDM production ready",
			"state": "WAITING",
			"additional_notes": "",
			"is_burning": false,
			"miss_planned": false,
			"is_green": false,
			"sprint": 3,
			"tags": ""
		}
	},
	{
		"pk": 133,
		"model": "web.story",
		"fields": {
			"created": "2012-02-02 08:56:13",
			"moscow": "",
			"title": "MIGRATE WIDGET TO GIT",
			"created_by": 2,
			"time_boxed": false,
			"story_description": "",
			"state": "WAITING",
			"additional_notes": "",
			"is_burning": false,
			"miss_planned": false,
			"is_green": false,
			"sprint": 3,
			"tags": ""
		}
	},
	{
		"pk": 127,
		"model": "web.story",
		"fields": {
			"created": "2012-01-20 09:41:20",
			"moscow": "M",
			"title": "Step One: disable RTE DND",
			"created_by": 5,
			"time_boxed": false,
			"story_description": "We want to disable all the DND functionality in Zemanta Widget, except the behavior that wrapps the image when the user drags it from the widget. If the image is alread in the editor, we don't rewrap it.",
			"state": "DEVELOPMENT",
			"additional_notes": "",
			"is_burning": false,
			"miss_planned": false,
			"is_green": false,
			"sprint": 2,
			"tags": ""
		}
	},
	{
		"pk": 130,
		"model": "web.story",
		"fields": {
			"created": null,
			"moscow": "M",
			"title": "MAKE GIT USEFUL",
			"created_by": 5,
			"time_boxed": false,
			"story_description": "As a developer I'd like to use a version system, not lose nerves by doing menial tasks. I like my life simple.\n",
			"state": "BACKLOG",
			"additional_notes": "",
			"is_burning": false,
			"miss_planned": false,
			"is_green": false,
			"sprint": null,
			"tags": ""
		}
	},
	{
		"pk": 131,
		"model": "web.story",
		"fields": {
			"created": "2012-02-01 08:12:42",
			"moscow": "M",
			"title": "Onion",
			"created_by": 6,
			"time_boxed": false,
			"story_description": "Onion by Bo\u0161tjan and Federated media by Andra\u017e",
			"state": "FIRE",
			"additional_notes": "",
			"is_burning": true,
			"miss_planned": false,
			"is_green": false,
			"sprint": 2,
			"tags": ""
		}
	},
	{
		"pk": 128,
		"model": "web.story",
		"fields": {
			"created": "2012-01-23 08:36:44",
			"moscow": "M",
			"title": "Widget IE7/8 visual tweaks",
			"created_by": 10,
			"time_boxed": false,
			"story_description": "- Fix misaligned \"promoted\" badge on IE7\r\n- Find a workaround to display semi-transparent overlay on articles",
			"state": "FIRE",
			"additional_notes": "",
			"is_burning": true,
			"miss_planned": false,
			"is_green": false,
			"sprint": 2,
			"tags": ""
		}
	},
	{
		"pk": 129,
		"model": "web.story",
		"fields": {
			"created": "2012-01-25 03:38:06",
			"moscow": "M",
			"title": "Low daily aricles",
			"created_by": 16,
			"time_boxed": false,
			"story_description": "- find out what happened (Tomaz and Dusan)",
			"state": "FIRE",
			"additional_notes": "",
			"is_burning": true,
			"miss_planned": false,
			"is_green": false,
			"sprint": 2,
			"tags": ""
		}
	},
	{
		"pk": 135,
		"model": "web.story",
		"fields": {
			"created": "2012-02-02 08:56:33",
			"moscow": "",
			"title": "GALLERY PERFORMANCE WHEN API RETURNS LOTS OF IMAGES",
			"created_by": 2,
			"time_boxed": false,
			"story_description": "Improve gallery performance when having lots of images",
			"state": "BACKLOG",
			"additional_notes": "",
			"is_burning": false,
			"miss_planned": false,
			"is_green": false,
			"sprint": null,
			"tags": ""
		}
	},
	{
		"pk": 136,
		"model": "web.story",
		"fields": {
			"created": "2012-02-02 08:56:41",
			"moscow": "",
			"title": "REMOVING IMAGE FROM TEXT",
			"created_by": 2,
			"time_boxed": false,
			"story_description": "Bug happens when you: add text| add image at the beginning of the text| select first part of text and added image, and then remove all together (backspace/delete)| after that, click on \"update\" image that was clicked before, will be shown as \"clicked\", even if it doesn't exist in text anymore",
			"state": "WAITING",
			"additional_notes": "",
			"is_burning": false,
			"miss_planned": false,
			"is_green": false,
			"sprint": 3,
			"tags": ""
		}
	},
	{
		"pk": 137,
		"model": "web.story",
		"fields": {
			"created": "2012-02-02 08:56:48",
			"moscow": "",
			"title": "IMPLEMENT FEATURED IMAGES SUPPORT",
			"created_by": 2,
			"time_boxed": false,
			"story_description": "implement featured image",
			"state": "WAITING",
			"additional_notes": "",
			"is_burning": false,
			"miss_planned": false,
			"is_green": false,
			"sprint": 3,
			"tags": ""
		}
	},
	{
		"pk": 138,
		"model": "web.story",
		"fields": {
			"created": "2012-02-02 08:57:05",
			"moscow": "",
			"title": "MAKE SEARCH-IN-YOUR-FACE",
			"created_by": 2,
			"time_boxed": false,
			"story_description": "As a user I\u2019d like to search when I want, not when Zemanta allows it.",
			"state": "WAITING",
			"additional_notes": "",
			"is_burning": false,
			"miss_planned": false,
			"is_green": false,
			"sprint": 3,
			"tags": ""
		}
	},
	{
		"pk": 139,
		"model": "web.story",
		"fields": {
			"created": "2012-02-02 08:57:13",
			"moscow": "",
			"title": "TEST AND RELEASE WORDPRESS PLUG-IN",
			"created_by": 2,
			"time_boxed": false,
			"story_description": "Make one more",
			"state": "WAITING",
			"additional_notes": "",
			"is_burning": false,
			"miss_planned": false,
			"is_green": false,
			"sprint": 3,
			"tags": ""
		}
	},
	{
		"pk": 140,
		"model": "web.story",
		"fields": {
			"created": "2012-02-02 08:57:20",
			"moscow": "",
			"title": "TURN OFF A/B TEST OPTIONS/PREFERENCES",
			"created_by": 2,
			"time_boxed": false,
			"story_description": "",
			"state": "DEVELOPMENT",
			"additional_notes": "",
			"is_burning": false,
			"miss_planned": false,
			"is_green": false,
			"sprint": 3,
			"tags": ""
		}
	},
	{
		"pk": 141,
		"model": "web.story",
		"fields": {
			"created": "2012-02-02 08:57:25",
			"moscow": "",
			"title": "IMPLEMENT RELATED ARTICLES WITH IMAGES",
			"created_by": 2,
			"time_boxed": false,
			"story_description": "do it, limit yourself to wp3.3",
			"state": "WAITING",
			"additional_notes": "",
			"is_burning": false,
			"miss_planned": false,
			"is_green": false,
			"sprint": 3,
			"tags": ""
		}
	},
	{
		"pk": 142,
		"model": "web.story",
		"fields": {
			"created": "2012-02-02 08:57:31",
			"moscow": "",
			"title": " VISUAL RELATED ARTICLES THUMBNAILS HOSTING",
			"created_by": 2,
			"time_boxed": false,
			"story_description": "We now use article thumbnails only for article previews. With visual related articles the same thumbnails will be served to every reader of the blog. We should think it over, whether the current set up of thumbnail hosting is will meet these requirements.",
			"state": "WAITING",
			"additional_notes": "",
			"is_burning": false,
			"miss_planned": false,
			"is_green": false,
			"sprint": 3,
			"tags": ""
		}
	},
	{
		"pk": 143,
		"model": "web.story",
		"fields": {
			"created": "2012-02-02 08:57:38",
			"moscow": "",
			"title": "ZWEB FRONT PAGE AB TESTS",
			"created_by": 2,
			"time_boxed": false,
			"story_description": "With Google Website Optimizer make an AB Experiment and implement the demo on the first page. Change the image on the homepage for big actionable text that leads to demo ",
			"state": "WAITING",
			"additional_notes": "",
			"is_burning": false,
			"miss_planned": false,
			"is_green": false,
			"sprint": 3,
			"tags": ""
		}
	},
	{
		"pk": 144,
		"model": "web.story",
		"fields": {
			"created": "2012-02-02 08:57:55",
			"moscow": "",
			"title": "TEST THREE FREE SIMPLE TEMPLATES FOR OUR BLOG",
			"created_by": 2,
			"time_boxed": false,
			"story_description": "",
			"state": "WAITING",
			"additional_notes": "",
			"is_burning": false,
			"miss_planned": false,
			"is_green": false,
			"sprint": 3,
			"tags": ""
		}
	},
	{
		"pk": 145,
		"model": "web.story",
		"fields": {
			"created": "2012-02-02 08:58:00",
			"moscow": "",
			"title": "ADD PER-URL EARNED LINKS REPORTING TO DASHBOARD",
			"created_by": 2,
			"time_boxed": false,
			"story_description": "As a partner I\u2019d like to see per-url reports on how many recommendations were made and how many links I earned from them",
			"state": "DONE",
			"additional_notes": "",
			"is_burning": false,
			"miss_planned": false,
			"is_green": false,
			"sprint": 3,
			"tags": ""
		}
	},
	{
		"pk": 146,
		"model": "web.story",
		"fields": {
			"created": "2012-02-02 08:58:05",
			"moscow": "",
			"title": "MONTHLY SALES PIPELINE STATISTICS FINISHING",
			"created_by": 2,
			"time_boxed": false,
			"story_description": "As a CEO I would like to have monthly statistics describing the sales pipeline:",
			"state": "DEVELOPMENT",
			"additional_notes": "",
			"is_burning": false,
			"miss_planned": false,
			"is_green": false,
			"sprint": 3,
			"tags": ""
		}
	},
	{
		"pk": 147,
		"model": "web.story",
		"fields": {
			"created": "2012-02-02 08:58:09",
			"moscow": "",
			"title": " POPULATE DB WITH TRUSTED AGGREGATORS",
			"created_by": 2,
			"time_boxed": false,
			"story_description": "We have all the infrastructure ready we just need to populate the DB.",
			"state": "WAITING",
			"additional_notes": "",
			"is_burning": false,
			"miss_planned": false,
			"is_green": false,
			"sprint": 3,
			"tags": ""
		}
	},
	{
		"pk": 148,
		"model": "web.story",
		"fields": {
			"created": "2012-02-02 08:58:28",
			"moscow": "",
			"title": " FIX MUNIN GRAPH FOR NEWLY ADDED SOURCEFEEDS TO MAIN BUCKET",
			"created_by": 2,
			"time_boxed": false,
			"story_description": "",
			"state": "DONE",
			"additional_notes": "",
			"is_burning": false,
			"miss_planned": false,
			"is_green": false,
			"sprint": 3,
			"tags": ""
		}
	},
	{
		"pk": 149,
		"model": "web.story",
		"fields": {
			"created": null,
			"moscow": "",
			"title": "Step One: disable RTE DND",
			"created_by": 2,
			"time_boxed": false,
			"story_description": "We want to disable all the DND functionality in Zemanta Widget, except the behavior that wrapps the image when the user drags it from the widget. If the image is alread in the editor, we don't rewrap it.",
			"state": "WAITING",
			"additional_notes": "",
			"is_burning": false,
			"miss_planned": false,
			"is_green": false,
			"sprint": 3,
			"tags": ""
		}
	},
	{
		"pk": 151,
		"model": "web.story",
		"fields": {
			"created": "2012-02-02 08:59:09",
			"moscow": "",
			"title": "FIGURE OUT VARYING CHARGED RECS/PROMOTED RECS BUG",
			"created_by": 2,
			"time_boxed": true,
			"story_description": "As a nervous Sam, I want to figure out why 27 campaigns have different numbers of recommendations (when counting in two different ways!",
			"state": "WAITING",
			"additional_notes": "",
			"is_burning": false,
			"miss_planned": false,
			"is_green": false,
			"sprint": 3,
			"tags": ""
		}
	},
	{
		"pk": 153,
		"model": "web.story",
		"fields": {
			"created": "2012-02-02 08:59:20",
			"moscow": "",
			"title": "PREFS FEED AGGREGATION ERROR REPORTING",
			"created_by": 2,
			"time_boxed": false,
			"story_description": "Prefs should collect errors reported by aggregator when adding user feeds and report them back to the users, so they would have a meaningful error description (\u201cNon English feed\u201d instead of just an \u201cInvalid feed\u201d). Besides users this would also help our support when resolving related issues.",
			"state": "BACKLOG",
			"additional_notes": "",
			"is_burning": false,
			"miss_planned": false,
			"is_green": false,
			"sprint": null,
			"tags": ""
		}
	},
	{
		"pk": 156,
		"model": "web.story",
		"fields": {
			"created": "2012-02-02 09:00:08",
			"moscow": "",
			"title": " Target is \u201d_blank\u201d by default",
			"created_by": 2,
			"time_boxed": false,
			"story_description": "As a new user, I want the inserted links to open in new windows by default. This has been an issue for a looooong time and adding an option in Prefs is not enough.",
			"state": "WAITING",
			"additional_notes": "",
			"is_burning": false,
			"miss_planned": false,
			"is_green": false,
			"sprint": 3,
			"tags": ""
		}
	},
	{
		"pk": 157,
		"model": "web.story",
		"fields": {
			"created": "2012-02-02 09:00:13",
			"moscow": "",
			"title": "TRACK SOCIAL SIGNALS - AGGREGATOR",
			"created_by": 2,
			"time_boxed": false,
			"story_description": "",
			"state": "DONE",
			"additional_notes": "",
			"is_burning": false,
			"miss_planned": false,
			"is_green": false,
			"sprint": 3,
			"tags": ""
		}
	},
	{
		"pk": 173,
		"model": "web.story",
		"fields": {
			"created": "2012-02-09 05:04:27",
			"moscow": "M",
			"title": "Fix Deployment Detection",
			"created_by": 10,
			"time_boxed": false,
			"story_description": "We've lost deployment detection after easyXDM transition since we don't use proxy, so we have to find other ways to find  distinguishability between widgets/plugins.",
			"state": "DEVELOPMENT",
			"additional_notes": "",
			"is_burning": true,
			"miss_planned": false,
			"is_green": false,
			"sprint": 3,
			"tags": ""
		}
	},
	{
		"pk": 159,
		"model": "web.story",
		"fields": {
			"created": "2012-02-02 09:00:26",
			"moscow": "",
			"title": "MAKE STRANGE WORK",
			"created_by": 2,
			"time_boxed": false,
			"story_description": "Strange makes problems. Check issues and resolve them (there should be no errors and exceptions in catalina.out)",
			"state": "WAITING",
			"additional_notes": "",
			"is_burning": false,
			"miss_planned": false,
			"is_green": false,
			"sprint": 3,
			"tags": ""
		}
	},
	{
		"pk": 160,
		"model": "web.story",
		"fields": {
			"created": "2012-02-02 09:00:33",
			"moscow": "",
			"title": " RETRAIN NSFW MODEL",
			"created_by": 2,
			"time_boxed": false,
			"story_description": "We have done some more NSFW manual labelling, so now we shoud relearn the model and then rerun it.",
			"state": "WAITING",
			"additional_notes": "",
			"is_burning": false,
			"miss_planned": false,
			"is_green": false,
			"sprint": 3,
			"tags": ""
		}
	},
	{
		"pk": 161,
		"model": "web.story",
		"fields": {
			"created": "2012-02-02 09:01:04",
			"moscow": "",
			"title": "SKYPE INTERVIEW WITH DMITRY KHARCHENKO",
			"created_by": 2,
			"time_boxed": false,
			"story_description": "",
			"state": "DONE",
			"additional_notes": "",
			"is_burning": false,
			"miss_planned": false,
			"is_green": false,
			"sprint": 3,
			"tags": ""
		}
	},
	{
		"pk": 162,
		"model": "web.story",
		"fields": {
			"created": "2012-02-02 09:02:06",
			"moscow": "",
			"title": "SKYPE INTERVIEW WITH ZUBEYR DERELI",
			"created_by": 2,
			"time_boxed": false,
			"story_description": "",
			"state": "REVIEW-TESTING",
			"additional_notes": "",
			"is_burning": false,
			"miss_planned": false,
			"is_green": false,
			"sprint": 3,
			"tags": ""
		}
	},
	{
		"pk": 163,
		"model": "web.story",
		"fields": {
			"created": "2012-02-02 09:02:11",
			"moscow": "",
			"title": "TRACK SOCIAL SIGNALS - NEW SERVICES",
			"created_by": 2,
			"time_boxed": false,
			"story_description": "",
			"state": "WAITING",
			"additional_notes": "",
			"is_burning": false,
			"miss_planned": false,
			"is_green": false,
			"sprint": 3,
			"tags": ""
		}
	},
	{
		"pk": 164,
		"model": "web.story",
		"fields": {
			"created": "2012-02-02 09:02:17",
			"moscow": "",
			"title": "FIX SEOMOZ ISSUES ",
			"created_by": 2,
			"time_boxed": false,
			"story_description": "Not all reps unittests are working. We should make them work.",
			"state": "DONE",
			"additional_notes": "",
			"is_burning": false,
			"miss_planned": false,
			"is_green": false,
			"sprint": 3,
			"tags": ""
		}
	},
	{
		"pk": 165,
		"model": "web.story",
		"fields": {
			"created": "2012-02-02 09:02:22",
			"moscow": "",
			"title": "FIX UPLOAD OF RSS FILE DUMP IN REPS TO WORK WITH LARGER FILES",
			"created_by": 2,
			"time_boxed": false,
			"story_description": "Upload of RSS files via admin interface in reps doesn\u2019t work for (at least) two reasons: (1) nginx seems to be refusing large files (it returns HTTP code 413), (2) resolver timeouts too soon for action to complete when handling larger files.",
			"state": "WAITING",
			"additional_notes": "",
			"is_burning": false,
			"miss_planned": false,
			"is_green": false,
			"sprint": 3,
			"tags": ""
		}
	},
	{
		"pk": 166,
		"model": "web.story",
		"fields": {
			"created": "2012-02-02 09:02:27",
			"moscow": "",
			"title": " AS THE AGGREGATOR DEVELOPER I NEED A PROPER DEV MACHINE",
			"created_by": 2,
			"time_boxed": false,
			"story_description": "A test machine with the exact library snapshot is crucial for the development of aggregator. This will prevent fires in the future.",
			"state": "WAITING",
			"additional_notes": "",
			"is_burning": false,
			"miss_planned": false,
			"is_green": false,
			"sprint": 3,
			"tags": ""
		}
	},
	{
		"pk": 167,
		"model": "web.story",
		"fields": {
			"created": "2012-02-02 09:02:33",
			"moscow": "",
			"title": "FIX OCTO LOGGING",
			"created_by": 2,
			"time_boxed": false,
			"story_description": "",
			"state": "WAITING",
			"additional_notes": "",
			"is_burning": false,
			"miss_planned": false,
			"is_green": false,
			"sprint": 3,
			"tags": ""
		}
	},
	{
		"pk": 168,
		"model": "web.story",
		"fields": {
			"created": "2012-02-02 09:03:37",
			"moscow": "",
			"title": "MAKE HARDWARE PURCHASING PLAN FOR",
			"created_by": 2,
			"time_boxed": false,
			"story_description": "",
			"state": "WAITING",
			"additional_notes": "",
			"is_burning": false,
			"miss_planned": false,
			"is_green": false,
			"sprint": 3,
			"tags": ""
		}
	},
	{
		"pk": 169,
		"model": "web.story",
		"fields": {
			"created": "2012-02-02 09:03:51",
			"moscow": "",
			"title": "DOMAIN CAMPAIGNS MAPPING ISSUE",
			"created_by": 2,
			"time_boxed": false,
			"story_description": "As a sales guy I\u2019d like domains to map properly even if I didn\u2019t match domain name",
			"state": "REVIEW-TESTING",
			"additional_notes": "",
			"is_burning": false,
			"miss_planned": false,
			"is_green": false,
			"sprint": 3,
			"tags": ""
		}
	},
	{
		"pk": 170,
		"model": "web.story",
		"fields": {
			"created": "2012-02-02 09:03:57",
			"moscow": "",
			"title": "CAMPAIGN PROMOTED-ONLY-LINKS MIGRATION",
			"created_by": 2,
			"time_boxed": false,
			"story_description": "As a sales guy I\u2019d like it if all clients had the same great reporting available to them (talking mainly about the per-URL recommendations report here)",
			"state": "WAITING",
			"additional_notes": "",
			"is_burning": false,
			"miss_planned": false,
			"is_green": false,
			"sprint": 3,
			"tags": ""
		}
	},
	{
		"pk": 171,
		"model": "web.story",
		"fields": {
			"created": "2012-02-02 16:06:59",
			"moscow": "",
			"title": " CRAETE A WEEKLY EMAIL SCRIPT FOR SENDING MAILS TO API PARTNERS",
			"created_by": 2,
			"time_boxed": false,
			"story_description": "",
			"state": "WAITING",
			"additional_notes": "",
			"is_burning": false,
			"miss_planned": false,
			"is_green": false,
			"sprint": 3,
			"tags": ""
		}
	},
	{
		"pk": 3,
		"model": "web.task",
		"fields": {
			"owner": 5,
			"story": 3,
			"score": 1,
			"description": "Change Text",
			"state": "TO_CLOSED"
		}
	},
	{
		"pk": 4,
		"model": "web.task",
		"fields": {
			"owner": 7,
			"story": 3,
			"score": 1,
			"description": "Test",
			"state": "TO_CLOSED"
		}
	},
	{
		"pk": 5,
		"model": "web.task",
		"fields": {
			"owner": 5,
			"story": 3,
			"score": 1,
			"description": "Deploy",
			"state": "TO_CLOSED"
		}
	},
	{
		"pk": 6,
		"model": "web.task",
		"fields": {
			"owner": 14,
			"story": 4,
			"score": 1,
			"description": "tell them to fix Safari",
			"state": "TO_CLOSED"
		}
	},
	{
		"pk": 7,
		"model": "web.task",
		"fields": {
			"owner": 14,
			"story": 4,
			"score": 0,
			"description": "arrange a Skype meeting with someone that knows the code ASAP [nika]",
			"state": "TO_CLOSED"
		}
	},
	{
		"pk": 8,
		"model": "web.task",
		"fields": {
			"owner": 15,
			"story": 4,
			"score": 5,
			"description": "get on Skype with them",
			"state": "TO_WORKING"
		}
	},
	{
		"pk": 9,
		"model": "web.task",
		"fields": {
			"owner": 15,
			"story": 4,
			"score": 3,
			"description": "remove options completely",
			"state": "TO_CLOSED"
		}
	},
	{
		"pk": 10,
		"model": "web.task",
		"fields": {
			"owner": 7,
			"story": 4,
			"score": 2,
			"description": "testing the safari and Internet explorer",
			"state": "TO_WORKING"
		}
	},
	{
		"pk": 11,
		"model": "web.task",
		"fields": {
			"owner": 6,
			"story": 5,
			"score": 1,
			"description": "communicate the description and prototype Kevin",
			"state": "TO_WORKING"
		}
	},
	{
		"pk": 12,
		"model": "web.task",
		"fields": {
			"owner": 7,
			"story": 5,
			"score": 0,
			"description": "make pixel perfect design for insert featured image button",
			"state": "TO_WORKING"
		}
	},
	{
		"pk": 13,
		"model": "web.task",
		"fields": {
			"owner": 10,
			"story": 5,
			"score": 2,
			"description": "buttons css",
			"state": "TO_WORKING"
		}
	},
	{
		"pk": 14,
		"model": "web.task",
		"fields": {
			"owner": 10,
			"story": 5,
			"score": 8,
			"description": "implement frontend behavior and communication with wp plugin",
			"state": "TO_WORKING"
		}
	},
	{
		"pk": 15,
		"model": "web.task",
		"fields": {
			"owner": 7,
			"story": 5,
			"score": 2,
			"description": "testing wp.org plugin",
			"state": "TO_WORKING"
		}
	},
	{
		"pk": 16,
		"model": "web.task",
		"fields": {
			"owner": 7,
			"story": 5,
			"score": 2,
			"description": "release and blog post",
			"state": "TO_WORKING"
		}
	},
	{
		"pk": 17,
		"model": "web.task",
		"fields": {
			"owner": 11,
			"story": 6,
			"score": 2,
			"description": "blogspire needs to provide a url where \"title\", \"html_content\" are encoded in json",
			"state": "TO_CLOSED"
		}
	},
	{
		"pk": 18,
		"model": "web.task",
		"fields": {
			"owner": 11,
			"story": 6,
			"score": 2,
			"description": "implement generation of \"html_content\"  platform dependent if needed",
			"state": "TO_CLOSED"
		}
	},
	{
		"pk": 19,
		"model": "web.task",
		"fields": {
			"owner": 5,
			"story": 6,
			"score": 2,
			"description": "pinpoint the place where frontend gets the blogpsire_data_url being passed and download it",
			"state": "TO_CLOSED"
		}
	},
	{
		"pk": 20,
		"model": "web.task",
		"fields": {
			"owner": 5,
			"story": 6,
			"score": 1,
			"description": "put in the title and text into a textbox, all supported wordpresses, tumblr, blogger.com",
			"state": "TO_CLOSED"
		}
	},
	{
		"pk": 22,
		"model": "web.task",
		"fields": {
			"owner": 5,
			"story": 8,
			"score": 1,
			"description": "deploy",
			"state": "TO_CLOSED"
		}
	},
	{
		"pk": 23,
		"model": "web.task",
		"fields": {
			"owner": 5,
			"story": 9,
			"score": 1,
			"description": "deploy",
			"state": "TO_CLOSED"
		}
	},
	{
		"pk": 24,
		"model": "web.task",
		"fields": {
			"owner": 5,
			"story": 10,
			"score": 1,
			"description": "replace Andrej\u2019s GA ID with ours",
			"state": "TO_CLOSED"
		}
	},
	{
		"pk": 25,
		"model": "web.task",
		"fields": {
			"owner": 5,
			"story": 10,
			"score": 1,
			"description": "deploy",
			"state": "TO_CLOSED"
		}
	},
	{
		"pk": 59,
		"model": "web.task",
		"fields": {
			"owner": 3,
			"story": 11,
			"score": 2,
			"description": "fix next.zemanta.com scripts to deploy from git",
			"state": "TO_WAITING"
		}
	},
	{
		"pk": 58,
		"model": "web.task",
		"fields": {
			"owner": 3,
			"story": 11,
			"score": 2,
			"description": "fix pak scripts for static to deploy staging from git",
			"state": "TO_WAITING"
		}
	},
	{
		"pk": 57,
		"model": "web.task",
		"fields": {
			"owner": 3,
			"story": 11,
			"score": 1,
			"description": "Integrate with trac",
			"state": "TO_WAITING"
		}
	},
	{
		"pk": 54,
		"model": "web.task",
		"fields": {
			"owner": 3,
			"story": 11,
			"score": 2,
			"description": "make a git repository for widget",
			"state": "TO_WAITING"
		}
	},
	{
		"pk": 55,
		"model": "web.task",
		"fields": {
			"owner": 3,
			"story": 11,
			"score": 1,
			"description": "Import logs and commit history",
			"state": "TO_WAITING"
		}
	},
	{
		"pk": 56,
		"model": "web.task",
		"fields": {
			"owner": 3,
			"story": 11,
			"score": 1,
			"description": "Integrate with reviewboard",
			"state": "TO_WAITING"
		}
	},
	{
		"pk": 159,
		"model": "web.task",
		"fields": {
			"owner": 5,
			"story": 13,
			"score": 1,
			"description": "deploy",
			"state": "TO_CLOSED"
		}
	},
	{
		"pk": 163,
		"model": "web.task",
		"fields": {
			"owner": 5,
			"story": 24,
			"score": 1,
			"description": "deploy",
			"state": "TO_WORKING"
		}
	},
	{
		"pk": 164,
		"model": "web.task",
		"fields": {
			"owner": 7,
			"story": 24,
			"score": 5,
			"description": "test extensively",
			"state": "TO_WORKING"
		}
	},
	{
		"pk": 165,
		"model": "web.task",
		"fields": {
			"owner": 10,
			"story": 24,
			"score": 1,
			"description": "make a new branch",
			"state": "TO_WORKING"
		}
	},
	{
		"pk": 160,
		"model": "web.task",
		"fields": {
			"owner": 5,
			"story": 21,
			"score": 1,
			"description": "code review",
			"state": "TO_CLOSED"
		}
	},
	{
		"pk": 161,
		"model": "web.task",
		"fields": {
			"owner": 7,
			"story": 21,
			"score": 1,
			"description": "test",
			"state": "TO_CLOSED"
		}
	},
	{
		"pk": 45,
		"model": "web.task",
		"fields": {
			"owner": 5,
			"story": 22,
			"score": 1,
			"description": "freeze emails",
			"state": "TO_CLOSED"
		}
	},
	{
		"pk": 46,
		"model": "web.task",
		"fields": {
			"owner": 5,
			"story": 22,
			"score": 1,
			"description": "deploy",
			"state": "TO_CLOSED"
		}
	},
	{
		"pk": 47,
		"model": "web.task",
		"fields": {
			"owner": 5,
			"story": 23,
			"score": 3,
			"description": "make new event that reacts only on <img>, not on enclosing <div>",
			"state": "TO_WAITING"
		}
	},
	{
		"pk": 48,
		"model": "web.task",
		"fields": {
			"owner": 5,
			"story": 23,
			"score": 3,
			"description": "make sure the class addition happens only on first zemanta interaction",
			"state": "TO_WAITING"
		}
	},
	{
		"pk": 49,
		"model": "web.task",
		"fields": {
			"owner": 7,
			"story": 23,
			"score": 2,
			"description": "test",
			"state": "TO_WAITING"
		}
	},
	{
		"pk": 50,
		"model": "web.task",
		"fields": {
			"owner": 5,
			"story": 23,
			"score": 1,
			"description": "deploy",
			"state": "TO_WAITING"
		}
	},
	{
		"pk": 166,
		"model": "web.task",
		"fields": {
			"owner": 3,
			"story": 24,
			"score": 1,
			"description": "update and deploy new things to production API",
			"state": "TO_WORKING"
		}
	},
	{
		"pk": 60,
		"model": "web.task",
		"fields": {
			"owner": 3,
			"story": 11,
			"score": 2,
			"description": "fix static@zweb scripts",
			"state": "TO_WAITING"
		}
	},
	{
		"pk": 64,
		"model": "web.task",
		"fields": {
			"owner": 10,
			"story": 26,
			"score": 5,
			"description": "find away to load images scrollaware. How to keep them in the viewport, but not actually displaying them.",
			"state": "TO_WAITING"
		}
	},
	{
		"pk": 65,
		"model": "web.task",
		"fields": {
			"owner": 10,
			"story": 26,
			"score": 3,
			"description": "try to use \"delegate\" instead of \"click\"",
			"state": "TO_WAITING"
		}
	},
	{
		"pk": 181,
		"model": "web.task",
		"fields": {
			"owner": 15,
			"story": 27,
			"score": 1,
			"description": "Change the image on the homepage for big actionable text that leads to demo.",
			"state": "TO_CLOSED"
		}
	},
	{
		"pk": 144,
		"model": "web.task",
		"fields": {
			"owner": 8,
			"story": 72,
			"score": 1,
			"description": "define interface",
			"state": "TO_WAITING"
		}
	},
	{
		"pk": 185,
		"model": "web.task",
		"fields": {
			"owner": 15,
			"story": 27,
			"score": 1,
			"description": "talk to tin",
			"state": "TO_CLOSED"
		}
	},
	{
		"pk": 186,
		"model": "web.task",
		"fields": {
			"owner": 16,
			"story": 74,
			"score": 0,
			"description": "Complete",
			"state": "TO_CLOSED"
		}
	},
	{
		"pk": 73,
		"model": "web.task",
		"fields": {
			"owner": 8,
			"story": 30,
			"score": 1,
			"description": "Based on results of previous task, possibly add additional column to campaign to denote whether to show promotedonly links, or all",
			"state": "TO_CLOSED"
		}
	},
	{
		"pk": 74,
		"model": "web.task",
		"fields": {
			"owner": 8,
			"story": 30,
			"score": 5,
			"description": "Modify pdash to show promotedonly links or all links  based on previous two tasks",
			"state": "TO_CLOSED"
		}
	},
	{
		"pk": 179,
		"model": "web.task",
		"fields": {
			"owner": 8,
			"story": 33,
			"score": 1,
			"description": "create onsave warning",
			"state": "TO_WAITING"
		}
	},
	{
		"pk": 76,
		"model": "web.task",
		"fields": {
			"owner": 8,
			"story": 34,
			"score": 2,
			"description": "autolock cells in combined billing worksheet",
			"state": "TO_WAITING"
		}
	},
	{
		"pk": 77,
		"model": "web.task",
		"fields": {
			"owner": 8,
			"story": 34,
			"score": 1,
			"description": "Reps3: Add a link from \u201cview report\u201d back to \u201cadmin\u201d page for that campaign and partner. Just when logged in as admin or sales",
			"state": "TO_WAITING"
		}
	},
	{
		"pk": 78,
		"model": "web.task",
		"fields": {
			"owner": 8,
			"story": 34,
			"score": 1,
			"description": "deploy",
			"state": "TO_WAITING"
		}
	},
	{
		"pk": 79,
		"model": "web.task",
		"fields": {
			"owner": 9,
			"story": 35,
			"score": 2,
			"description": "implement daily query and dump to database how many items are indexed",
			"state": "TO_CLOSED"
		}
	},
	{
		"pk": 80,
		"model": "web.task",
		"fields": {
			"owner": 9,
			"story": 35,
			"score": 2,
			"description": "fix display of indexed items for intext link campaigns",
			"state": "TO_CLOSED"
		}
	},
	{
		"pk": 81,
		"model": "web.task",
		"fields": {
			"owner": 9,
			"story": 35,
			"score": 2,
			"description": "add graph display of indexed items for intext link campaigns",
			"state": "TO_CLOSED"
		}
	},
	{
		"pk": 82,
		"model": "web.task",
		"fields": {
			"owner": 9,
			"story": 35,
			"score": 2,
			"description": "test",
			"state": "TO_CLOSED"
		}
	},
	{
		"pk": 83,
		"model": "web.task",
		"fields": {
			"owner": 9,
			"story": 35,
			"score": 1,
			"description": "deploy",
			"state": "TO_CLOSED"
		}
	},
	{
		"pk": 84,
		"model": "web.task",
		"fields": {
			"owner": 9,
			"story": 37,
			"score": 2,
			"description": "augment the functionality of the \u201cAdd a source feed to campaign\u201d view with new functionality",
			"state": "TO_CLOSED"
		}
	},
	{
		"pk": 85,
		"model": "web.task",
		"fields": {
			"owner": 9,
			"story": 37,
			"score": 1,
			"description": "setup a stable http server",
			"state": "TO_CLOSED"
		}
	},
	{
		"pk": 86,
		"model": "web.task",
		"fields": {
			"owner": 9,
			"story": 37,
			"score": 2,
			"description": "implement saving a file to a stable web server somewhere",
			"state": "TO_CLOSED"
		}
	},
	{
		"pk": 87,
		"model": "web.task",
		"fields": {
			"owner": 9,
			"story": 37,
			"score": 2,
			"description": "test",
			"state": "TO_CLOSED"
		}
	},
	{
		"pk": 88,
		"model": "web.task",
		"fields": {
			"owner": 9,
			"story": 37,
			"score": 1,
			"description": "deploy",
			"state": "TO_CLOSED"
		}
	},
	{
		"pk": 89,
		"model": "web.task",
		"fields": {
			"owner": 8,
			"story": 40,
			"score": 5,
			"description": "yikes",
			"state": "TO_WAITING"
		}
	},
	{
		"pk": 90,
		"model": "web.task",
		"fields": {
			"owner": 8,
			"story": 41,
			"score": 2,
			"description": "iron out requirements for bookings with Andraz/Bostjan/Sam/sales guys, check bostjan\u2019s email",
			"state": "TO_WAITING"
		}
	},
	{
		"pk": 91,
		"model": "web.task",
		"fields": {
			"owner": 8,
			"story": 41,
			"score": 5,
			"description": "finish month over month",
			"state": "TO_WAITING"
		}
	},
	{
		"pk": 92,
		"model": "web.task",
		"fields": {
			"owner": 8,
			"story": 41,
			"score": 1,
			"description": "deploy",
			"state": "TO_WAITING"
		}
	},
	{
		"pk": 95,
		"model": "web.task",
		"fields": {
			"owner": 9,
			"story": 43,
			"score": 3,
			"description": "prepare a concept/basic architecture for wtd testing",
			"state": "TO_CLOSED"
		}
	},
	{
		"pk": 96,
		"model": "web.task",
		"fields": {
			"owner": 9,
			"story": 43,
			"score": 1,
			"description": "discuss it with Du\u0161an and Andra\u017e",
			"state": "TO_CLOSED"
		}
	},
	{
		"pk": 97,
		"model": "web.task",
		"fields": {
			"owner": 16,
			"story": 44,
			"score": 1,
			"description": "add flag \"trusted_aggregator\" short int field to storage_sourcefeed, add new bitmask to whence",
			"state": "TO_WAITING"
		}
	},
	{
		"pk": 98,
		"model": "web.task",
		"fields": {
			"owner": 16,
			"story": 44,
			"score": 2,
			"description": "add another field to resolver RPC to \u201cforce\u201d main_bucket  and implement it in resolver",
			"state": "TO_WAITING"
		}
	},
	{
		"pk": 99,
		"model": "web.task",
		"fields": {
			"owner": 16,
			"story": 44,
			"score": 1,
			"description": "make sure \u201cwhence\u201d field in aggregator gets set when resolver wants it",
			"state": "TO_WAITING"
		}
	},
	{
		"pk": 100,
		"model": "web.task",
		"fields": {
			"owner": 16,
			"story": 44,
			"score": 2,
			"description": "make hook that sends new urls from trusted aggregator feeds to resolver",
			"state": "TO_WAITING"
		}
	},
	{
		"pk": 101,
		"model": "web.task",
		"fields": {
			"owner": 16,
			"story": 44,
			"score": 1,
			"description": "deploy new resolver",
			"state": "TO_WAITING"
		}
	},
	{
		"pk": 102,
		"model": "web.task",
		"fields": {
			"owner": 16,
			"story": 44,
			"score": 2,
			"description": "deploy new aggregator",
			"state": "TO_WAITING"
		}
	},
	{
		"pk": 103,
		"model": "web.task",
		"fields": {
			"owner": 16,
			"story": 44,
			"score": 1,
			"description": "make a munin plugin to measure new sourcefeeds added to main bucket in this way",
			"state": "TO_WAITING"
		}
	},
	{
		"pk": 104,
		"model": "web.task",
		"fields": {
			"owner": 16,
			"story": 45,
			"score": 5,
			"description": "check",
			"state": "TO_CLOSED"
		}
	},
	{
		"pk": 105,
		"model": "web.task",
		"fields": {
			"owner": 16,
			"story": 47,
			"score": 3,
			"description": "implement",
			"state": "TO_WAITING"
		}
	},
	{
		"pk": 106,
		"model": "web.task",
		"fields": {
			"owner": 16,
			"story": 47,
			"score": 1,
			"description": "deploy",
			"state": "TO_WAITING"
		}
	},
	{
		"pk": 107,
		"model": "web.task",
		"fields": {
			"owner": 17,
			"story": 48,
			"score": 1,
			"description": "figure out how to do it",
			"state": "TO_CLOSED"
		}
	},
	{
		"pk": 108,
		"model": "web.task",
		"fields": {
			"owner": 17,
			"story": 48,
			"score": 2,
			"description": "write stories what needs to be done",
			"state": "TO_CLOSED"
		}
	},
	{
		"pk": 109,
		"model": "web.task",
		"fields": {
			"owner": 17,
			"story": 49,
			"score": 3,
			"description": "do it",
			"state": "TO_CLOSED"
		}
	},
	{
		"pk": 111,
		"model": "web.task",
		"fields": {
			"owner": 17,
			"story": 51,
			"score": 3,
			"description": "do it",
			"state": "TO_CLOSED"
		}
	},
	{
		"pk": 184,
		"model": "web.task",
		"fields": {
			"owner": 15,
			"story": 27,
			"score": 0,
			"description": "learn",
			"state": "TO_CLOSED"
		}
	},
	{
		"pk": 145,
		"model": "web.task",
		"fields": {
			"owner": 8,
			"story": 72,
			"score": 5,
			"description": "implement thrift interfacing on dmoz side. make sure it\u2019s multithreaded.",
			"state": "TO_WAITING"
		}
	},
	{
		"pk": 142,
		"model": "web.task",
		"fields": {
			"owner": 7,
			"story": 71,
			"score": 3,
			"description": "test & debrief",
			"state": "TO_CLOSED"
		}
	},
	{
		"pk": 183,
		"model": "web.task",
		"fields": {
			"owner": 7,
			"story": 27,
			"score": 3,
			"description": "measure",
			"state": "TO_CLOSED"
		}
	},
	{
		"pk": 114,
		"model": "web.task",
		"fields": {
			"owner": 17,
			"story": 53,
			"score": 1,
			"description": "buy a reports.zemanta.com certificate  or find some other solution",
			"state": "TO_CLOSED"
		}
	},
	{
		"pk": 115,
		"model": "web.task",
		"fields": {
			"owner": 17,
			"story": 53,
			"score": 3,
			"description": "test it out thoroughly in all browsers to make sure no spurious warnings appear",
			"state": "TO_CLOSED"
		}
	},
	{
		"pk": 116,
		"model": "web.task",
		"fields": {
			"owner": 3,
			"story": 54,
			"score": 3,
			"description": "fix campaigns that tests rely on",
			"state": "TO_WAITING"
		}
	},
	{
		"pk": 117,
		"model": "web.task",
		"fields": {
			"owner": 3,
			"story": 55,
			"score": 3,
			"description": "setup internal pypi repository",
			"state": "TO_CLOSED"
		}
	},
	{
		"pk": 118,
		"model": "web.task",
		"fields": {
			"owner": 3,
			"story": 55,
			"score": 2,
			"description": "change requirements.txt in repsective projects  reps, neith, octo, ...",
			"state": "TO_CLOSED"
		}
	},
	{
		"pk": 121,
		"model": "web.task",
		"fields": {
			"owner": 3,
			"story": 56,
			"score": 3,
			"description": "make sure zlibs is packed and deployed alongside octo  can be in same pacakge",
			"state": "TO_WAITING"
		}
	},
	{
		"pk": 120,
		"model": "web.task",
		"fields": {
			"owner": 3,
			"story": 57,
			"score": 2,
			"description": "fix deployment procedure",
			"state": "TO_WAITING"
		}
	},
	{
		"pk": 122,
		"model": "web.task",
		"fields": {
			"owner": 3,
			"story": 56,
			"score": 3,
			"description": "fix/create packaging and deployment scripts for octo, test them",
			"state": "TO_WAITING"
		}
	},
	{
		"pk": 123,
		"model": "web.task",
		"fields": {
			"owner": 16,
			"story": 58,
			"score": 1,
			"description": "integrate",
			"state": "TO_CLOSED"
		}
	},
	{
		"pk": 138,
		"model": "web.task",
		"fields": {
			"owner": 10,
			"story": 70,
			"score": 5,
			"description": "code and cut",
			"state": "TO_CLOSED"
		}
	},
	{
		"pk": 140,
		"model": "web.task",
		"fields": {
			"owner": 10,
			"story": 69,
			"score": 5,
			"description": "code and cut",
			"state": "TO_WAITING"
		}
	},
	{
		"pk": 129,
		"model": "web.task",
		"fields": {
			"owner": 16,
			"story": 63,
			"score": 1,
			"description": "fix blinkenlights to point to jupiter",
			"state": "TO_WAITING"
		}
	},
	{
		"pk": 130,
		"model": "web.task",
		"fields": {
			"owner": 16,
			"story": 63,
			"score": 1,
			"description": "change all services that connect to merkur/800 to spadder.zemanta.com",
			"state": "TO_WAITING"
		}
	},
	{
		"pk": 141,
		"model": "web.task",
		"fields": {
			"owner": 7,
			"story": 71,
			"score": 3,
			"description": "arrange users",
			"state": "TO_CLOSED"
		}
	},
	{
		"pk": 151,
		"model": "web.task",
		"fields": {
			"owner": 16,
			"story": 73,
			"score": 2,
			"description": "move",
			"state": "TO_WAITING"
		}
	},
	{
		"pk": 133,
		"model": "web.task",
		"fields": {
			"owner": 14,
			"story": 66,
			"score": 0,
			"description": "write guidelines for the team in order to start using Trac",
			"state": "TO_CLOSED"
		}
	},
	{
		"pk": 191,
		"model": "web.task",
		"fields": {
			"owner": 1,
			"story": 79,
			"score": 5,
			"description": "Complete",
			"state": "TO_CLOSED"
		}
	},
	{
		"pk": 153,
		"model": "web.task",
		"fields": {
			"owner": 15,
			"story": 7,
			"score": 2,
			"description": "fixing the stuff from code review",
			"state": "TO_WAITING"
		}
	},
	{
		"pk": 152,
		"model": "web.task",
		"fields": {
			"owner": 5,
			"story": 7,
			"score": 2,
			"description": "code review",
			"state": "TO_WAITING"
		}
	},
	{
		"pk": 157,
		"model": "web.task",
		"fields": {
			"owner": 5,
			"story": 25,
			"score": 1,
			"description": "deploy",
			"state": "TO_CLOSED"
		}
	},
	{
		"pk": 156,
		"model": "web.task",
		"fields": {
			"owner": 7,
			"story": 25,
			"score": 2,
			"description": "test",
			"state": "TO_CLOSED"
		}
	},
	{
		"pk": 155,
		"model": "web.task",
		"fields": {
			"owner": 5,
			"story": 25,
			"score": 3,
			"description": "fix it",
			"state": "TO_CLOSED"
		}
	},
	{
		"pk": 162,
		"model": "web.task",
		"fields": {
			"owner": 5,
			"story": 21,
			"score": 1,
			"description": "deploy",
			"state": "TO_CLOSED"
		}
	},
	{
		"pk": 158,
		"model": "web.task",
		"fields": {
			"owner": 7,
			"story": 13,
			"score": 1,
			"description": "test",
			"state": "TO_CLOSED"
		}
	},
	{
		"pk": 182,
		"model": "web.task",
		"fields": {
			"owner": 15,
			"story": 27,
			"score": 0,
			"description": "build",
			"state": "TO_CLOSED"
		}
	},
	{
		"pk": 174,
		"model": "web.task",
		"fields": {
			"owner": 9,
			"story": 28,
			"score": 2,
			"description": "fix wikiprep in a nastiest possible way",
			"state": "TO_CLOSED"
		}
	},
	{
		"pk": 187,
		"model": "web.task",
		"fields": {
			"owner": 10,
			"story": 75,
			"score": 0,
			"description": "Complete",
			"state": "TO_CLOSED"
		}
	},
	{
		"pk": 180,
		"model": "web.task",
		"fields": {
			"owner": 16,
			"story": 59,
			"score": 1,
			"description": "deploy",
			"state": "TO_CLOSED"
		}
	},
	{
		"pk": 194,
		"model": "web.task",
		"fields": {
			"owner": 15,
			"story": 84,
			"score": 3,
			"description": "Complete",
			"state": "TO_CLOSED"
		}
	},
	{
		"pk": 146,
		"model": "web.task",
		"fields": {
			"owner": 8,
			"story": 72,
			"score": 5,
			"description": "implement thrift interfacing on octo side",
			"state": "TO_WAITING"
		}
	},
	{
		"pk": 329,
		"model": "web.task",
		"fields": {
			"owner": 5,
			"story": 90,
			"score": 1,
			"description": " deploy ",
			"state": null
		}
	},
	{
		"pk": 147,
		"model": "web.task",
		"fields": {
			"owner": 8,
			"story": 72,
			"score": 3,
			"description": "test & fix, test hard",
			"state": "TO_WAITING"
		}
	},
	{
		"pk": 148,
		"model": "web.task",
		"fields": {
			"owner": 3,
			"story": 72,
			"score": 1,
			"description": "deploy",
			"state": "TO_WAITING"
		}
	},
	{
		"pk": 154,
		"model": "web.task",
		"fields": {
			"owner": 7,
			"story": 7,
			"score": 1,
			"description": "testing",
			"state": "TO_WAITING"
		}
	},
	{
		"pk": 175,
		"model": "web.task",
		"fields": {
			"owner": 9,
			"story": 28,
			"score": 1,
			"description": "importing",
			"state": "TO_CLOSED"
		}
	},
	{
		"pk": 176,
		"model": "web.task",
		"fields": {
			"owner": 9,
			"story": 28,
			"score": 1,
			"description": "test",
			"state": "TO_CLOSED"
		}
	},
	{
		"pk": 177,
		"model": "web.task",
		"fields": {
			"owner": 9,
			"story": 28,
			"score": 1,
			"description": "deploy",
			"state": "TO_CLOSED"
		}
	},
	{
		"pk": 195,
		"model": "web.task",
		"fields": {
			"owner": 17,
			"story": 85,
			"score": 2,
			"description": " fix next.zemanta.com scripts to deploy from git ",
			"state": "TO_WORKING"
		}
	},
	{
		"pk": 188,
		"model": "web.task",
		"fields": {
			"owner": 5,
			"story": 76,
			"score": 3,
			"description": "Complete",
			"state": "TO_CLOSED"
		}
	},
	{
		"pk": 189,
		"model": "web.task",
		"fields": {
			"owner": 16,
			"story": 77,
			"score": -2,
			"description": "Complete",
			"state": "TO_CLOSED"
		}
	},
	{
		"pk": 190,
		"model": "web.task",
		"fields": {
			"owner": 16,
			"story": 78,
			"score": -2,
			"description": "Complete",
			"state": "TO_CLOSED"
		}
	},
	{
		"pk": 192,
		"model": "web.task",
		"fields": {
			"owner": 8,
			"story": 80,
			"score": 13,
			"description": "Complete",
			"state": "TO_CLOSED"
		}
	},
	{
		"pk": 196,
		"model": "web.task",
		"fields": {
			"owner": 17,
			"story": 85,
			"score": 2,
			"description": " fix pak scripts for static to deploy staging from git ",
			"state": "TO_WORKING"
		}
	},
	{
		"pk": 197,
		"model": "web.task",
		"fields": {
			"owner": 3,
			"story": 85,
			"score": 2,
			"description": " make a git repository for widget ",
			"state": "TO_WORKING"
		}
	},
	{
		"pk": 198,
		"model": "web.task",
		"fields": {
			"owner": 3,
			"story": 85,
			"score": 1,
			"description": " Import logs and commit history ",
			"state": "TO_WORKING"
		}
	},
	{
		"pk": 581,
		"model": "web.task",
		"fields": {
			"owner": 10,
			"story": 86,
			"score": 5,
			"description": " review the easyxdm branch and fix what\u2019s wrong ",
			"state": null
		}
	},
	{
		"pk": 580,
		"model": "web.task",
		"fields": {
			"owner": 5,
			"story": 86,
			"score": 1,
			"description": " deploy ",
			"state": null
		}
	},
	{
		"pk": 579,
		"model": "web.task",
		"fields": {
			"owner": 7,
			"story": 86,
			"score": 8,
			"description": " test ",
			"state": null
		}
	},
	{
		"pk": 336,
		"model": "web.task",
		"fields": {
			"owner": 17,
			"story": 87,
			"score": 1,
			"description": " setup developer certificate ",
			"state": "TO_CLOSED"
		}
	},
	{
		"pk": 335,
		"model": "web.task",
		"fields": {
			"owner": 17,
			"story": 87,
			"score": 1,
			"description": " setup vnc on mac mini ",
			"state": "TO_CLOSED"
		}
	},
	{
		"pk": 343,
		"model": "web.task",
		"fields": {
			"owner": 5,
			"story": 93,
			"score": 1,
			"description": " release ",
			"state": "TO_CLOSED"
		}
	},
	{
		"pk": 341,
		"model": "web.task",
		"fields": {
			"owner": 3,
			"story": 92,
			"score": 1,
			"description": " release ",
			"state": null
		}
	},
	{
		"pk": 427,
		"model": "web.task",
		"fields": {
			"owner": 6,
			"story": 88,
			"score": 2,
			"description": " communicate the description and prototype Kevin  ",
			"state": null
		}
	},
	{
		"pk": 426,
		"model": "web.task",
		"fields": {
			"owner": 7,
			"story": 88,
			"score": 2,
			"description": " release and blog post ",
			"state": null
		}
	},
	{
		"pk": 425,
		"model": "web.task",
		"fields": {
			"owner": 7,
			"story": 88,
			"score": 2,
			"description": " testing wp.org plugin ",
			"state": null
		}
	},
	{
		"pk": 325,
		"model": "web.task",
		"fields": {
			"owner": 5,
			"story": 89,
			"score": 3,
			"description": " try to use \"delegate\" instead of \"click\" ",
			"state": null
		}
	},
	{
		"pk": 326,
		"model": "web.task",
		"fields": {
			"owner": 5,
			"story": 89,
			"score": 5,
			"description": " find away to load images scrollaware. How to keep them in the viewport, but not actually displaying them.  ",
			"state": null
		}
	},
	{
		"pk": 328,
		"model": "web.task",
		"fields": {
			"owner": 7,
			"story": 90,
			"score": 1,
			"description": " test ",
			"state": null
		}
	},
	{
		"pk": 327,
		"model": "web.task",
		"fields": {
			"owner": 10,
			"story": 90,
			"score": 2,
			"description": " fix ",
			"state": null
		}
	},
	{
		"pk": 332,
		"model": "web.task",
		"fields": {
			"owner": 10,
			"story": 91,
			"score": 3,
			"description": " measure how many people click search in that screen before first request ",
			"state": null
		}
	},
	{
		"pk": 331,
		"model": "web.task",
		"fields": {
			"owner": 10,
			"story": 91,
			"score": 1,
			"description": " css fixes to not hide \u201cupdate\u201d button ",
			"state": null
		}
	},
	{
		"pk": 330,
		"model": "web.task",
		"fields": {
			"owner": 10,
			"story": 91,
			"score": 1,
			"description": " don\u2019t disable search, ever ",
			"state": null
		}
	},
	{
		"pk": 340,
		"model": "web.task",
		"fields": {
			"owner": 7,
			"story": 92,
			"score": 2,
			"description": " test ",
			"state": null
		}
	},
	{
		"pk": 342,
		"model": "web.task",
		"fields": {
			"owner": 5,
			"story": 93,
			"score": 2,
			"description": " for 50% of users change \u201cPreferences\u201d to \u201cOptions\u201d and measure ",
			"state": "TO_CLOSED"
		}
	},
	{
		"pk": 346,
		"model": "web.task",
		"fields": {
			"owner": 7,
			"story": 95,
			"score": 1,
			"description": " Define fields for which behaviour to change ",
			"state": "TO_CLOSED"
		}
	},
	{
		"pk": 517,
		"model": "web.task",
		"fields": {
			"owner": 6,
			"story": 100,
			"score": 1,
			"description": " participant ",
			"state": "TO_WORKING"
		}
	},
	{
		"pk": 518,
		"model": "web.task",
		"fields": {
			"owner": 2,
			"story": 100,
			"score": 1,
			"description": " participant  ",
			"state": "TO_WORKING"
		}
	},
	{
		"pk": 505,
		"model": "web.task",
		"fields": {
			"owner": 7,
			"story": 96,
			"score": 0,
			"description": " debreif and follow up ",
			"state": "TO_CLOSED"
		}
	},
	{
		"pk": 504,
		"model": "web.task",
		"fields": {
			"owner": 7,
			"story": 96,
			"score": 0,
			"description": " user interviews 3x or more ",
			"state": "TO_CLOSED"
		}
	},
	{
		"pk": 501,
		"model": "web.task",
		"fields": {
			"owner": 13,
			"story": 96,
			"score": 0,
			"description": " research competition (linkwithin, outbrain, nreleate) ",
			"state": "TO_CLOSED"
		}
	},
	{
		"pk": 508,
		"model": "web.task",
		"fields": {
			"owner": 7,
			"story": 97,
			"score": 1,
			"description": " learn ",
			"state": "TO_CLOSED"
		}
	},
	{
		"pk": 507,
		"model": "web.task",
		"fields": {
			"owner": 7,
			"story": 97,
			"score": 3,
			"description": " measure ",
			"state": "TO_CLOSED"
		}
	},
	{
		"pk": 506,
		"model": "web.task",
		"fields": {
			"owner": 15,
			"story": 97,
			"score": 1,
			"description": " build ",
			"state": "TO_CLOSED"
		}
	},
	{
		"pk": 351,
		"model": "web.task",
		"fields": {
			"owner": 8,
			"story": 98,
			"score": 1,
			"description": " Define new download links, names, GUI  and implement ",
			"state": null
		}
	},
	{
		"pk": 350,
		"model": "web.task",
		"fields": {
			"owner": 8,
			"story": 98,
			"score": 1,
			"description": " Implement the new format ",
			"state": null
		}
	},
	{
		"pk": 349,
		"model": "web.task",
		"fields": {
			"owner": 8,
			"story": 98,
			"score": 1,
			"description": " Define precise excel format ",
			"state": null
		}
	},
	{
		"pk": 355,
		"model": "web.task",
		"fields": {
			"owner": 8,
			"story": 99,
			"score": 3,
			"description": " write a munin plug-in ",
			"state": null
		}
	},
	{
		"pk": 354,
		"model": "web.task",
		"fields": {
			"owner": 8,
			"story": 99,
			"score": 1,
			"description": " decide which numbers to monitor ",
			"state": null
		}
	},
	{
		"pk": 519,
		"model": "web.task",
		"fields": {
			"owner": 8,
			"story": 101,
			"score": 1,
			"description": " create on-save() warning in admin.py ",
			"state": "TO_CLOSED"
		}
	},
	{
		"pk": 358,
		"model": "web.task",
		"fields": {
			"owner": 8,
			"story": 102,
			"score": 5,
			"description": " yikes (ASAP)   [#timebox]",
			"state": null
		}
	},
	{
		"pk": 360,
		"model": "web.task",
		"fields": {
			"owner": 8,
			"story": 103,
			"score": 3,
			"description": " fixes to the current implementation ",
			"state": null
		}
	},
	{
		"pk": 359,
		"model": "web.task",
		"fields": {
			"owner": 8,
			"story": 103,
			"score": 1,
			"description": " talk to bostjan about the current implementation ",
			"state": null
		}
	},
	{
		"pk": 374,
		"model": "web.task",
		"fields": {
			"owner": 16,
			"story": 104,
			"score": 2,
			"description": " write a mock resolver that can be used in unittests ",
			"state": "TO_CLOSED"
		}
	},
	{
		"pk": 375,
		"model": "web.task",
		"fields": {
			"owner": 16,
			"story": 104,
			"score": 1,
			"description": " make a munin plugin to measure new sourcefeeds added to main bucket in this way ",
			"state": "TO_CLOSED"
		}
	},
	{
		"pk": 372,
		"model": "web.task",
		"fields": {
			"owner": 16,
			"story": 104,
			"score": 2,
			"description": " set-up resolver instance on merkur ",
			"state": "TO_CLOSED"
		}
	},
	{
		"pk": 373,
		"model": "web.task",
		"fields": {
			"owner": 16,
			"story": 104,
			"score": 2,
			"description": " make sure resolver is tested for an optional flag \u201cautomainbucket\u201d ",
			"state": "TO_CLOSED"
		}
	},
	{
		"pk": 371,
		"model": "web.task",
		"fields": {
			"owner": 16,
			"story": 104,
			"score": 1,
			"description": " deploy test aggregators ",
			"state": "TO_CLOSED"
		}
	},
	{
		"pk": 376,
		"model": "web.task",
		"fields": {
			"owner": 16,
			"story": 105,
			"score": 1,
			"description": " increase fetching period ",
			"state": "TO_CLOSED"
		}
	},
	{
		"pk": 522,
		"model": "web.task",
		"fields": {
			"owner": 16,
			"story": 107,
			"score": 2,
			"description": " modify priority sorting in extraction ",
			"state": "TO_CLOSED"
		}
	},
	{
		"pk": 521,
		"model": "web.task",
		"fields": {
			"owner": 16,
			"story": 107,
			"score": 1,
			"description": " when calling extract_thumbnail put it as an extra paramater ",
			"state": "TO_CLOSED"
		}
	},
	{
		"pk": 387,
		"model": "web.task",
		"fields": {
			"owner": 17,
			"story": 109,
			"score": 13,
			"description": " setup papi VM image  ",
			"state": "TO_CLOSED"
		}
	},
	{
		"pk": 386,
		"model": "web.task",
		"fields": {
			"owner": 17,
			"story": 109,
			"score": 5,
			"description": " setup VMs for tumbldlnode and gproxy under new account and switch production ",
			"state": "TO_CLOSED"
		}
	},
	{
		"pk": 390,
		"model": "web.task",
		"fields": {
			"owner": 17,
			"story": 110,
			"score": 2,
			"description": " fix http:// urls in reps ",
			"state": "TO_CLOSED"
		}
	},
	{
		"pk": 389,
		"model": "web.task",
		"fields": {
			"owner": 17,
			"story": 110,
			"score": 1,
			"description": " fix favicon ",
			"state": "TO_CLOSED"
		}
	},
	{
		"pk": 391,
		"model": "web.task",
		"fields": {
			"owner": 3,
			"story": 111,
			"score": 2,
			"description": " fix deployment procedure ",
			"state": "TO_CLOSED"
		}
	},
	{
		"pk": 392,
		"model": "web.task",
		"fields": {
			"owner": 3,
			"story": 112,
			"score": 3,
			"description": " fix/create packaging and deployment scripts ",
			"state": "TO_CLOSED"
		}
	},
	{
		"pk": 393,
		"model": "web.task",
		"fields": {
			"owner": 3,
			"story": 113,
			"score": 1,
			"description": " change all services that connect to merkur:8000 to sp-adder.zemanta.com ",
			"state": "TO_CLOSED"
		}
	},
	{
		"pk": 394,
		"model": "web.task",
		"fields": {
			"owner": 3,
			"story": 114,
			"score": 2,
			"description": " fix jupiter network connection ",
			"state": "TO_CLOSED"
		}
	},
	{
		"pk": 395,
		"model": "web.task",
		"fields": {
			"owner": 3,
			"story": 115,
			"score": 1,
			"description": " deployment procedures ",
			"state": "TO_CLOSED"
		}
	},
	{
		"pk": 540,
		"model": "web.task",
		"fields": {
			"owner": 9,
			"story": 117,
			"score": 1,
			"description": " test ",
			"state": "TO_CLOSED"
		}
	},
	{
		"pk": 539,
		"model": "web.task",
		"fields": {
			"owner": 9,
			"story": 117,
			"score": 1,
			"description": " expand functionality of reps/actions/adjust.py script (well actually reps/actions/lib.py) to add throttling factor to dict that is dumped every day to cassandra ",
			"state": "TO_CLOSED"
		}
	},
	{
		"pk": 400,
		"model": "web.task",
		"fields": {
			"owner": 8,
			"story": 118,
			"score": 2,
			"description": " write code that sends email ",
			"state": null
		}
	},
	{
		"pk": 399,
		"model": "web.task",
		"fields": {
			"owner": 8,
			"story": 118,
			"score": 1,
			"description": " get polished version of the email from Mr. Greg ",
			"state": null
		}
	},
	{
		"pk": 402,
		"model": "web.task",
		"fields": {
			"owner": 8,
			"story": 119,
			"score": 3,
			"description": " add tracking code to every relevant page and make sure it is only loaded for production domain ",
			"state": "TO_CLOSED"
		}
	},
	{
		"pk": 293,
		"model": "web.task",
		"fields": {
			"owner": null,
			"story": 120,
			"score": null,
			"description": " trigger email for when a campaign goes lives",
			"state": null
		}
	},
	{
		"pk": 294,
		"model": "web.task",
		"fields": {
			"owner": null,
			"story": 120,
			"score": null,
			"description": " trigger email for if a campaign doesn\u2019t get any recs in x days",
			"state": null
		}
	},
	{
		"pk": 295,
		"model": "web.task",
		"fields": {
			"owner": null,
			"story": 120,
			"score": null,
			"description": " trigger email for if a campaign doesn\u2019t get any links in x days",
			"state": null
		}
	},
	{
		"pk": 296,
		"model": "web.task",
		"fields": {
			"owner": null,
			"story": 120,
			"score": null,
			"description": " find out from Greg what \u201cx\u201d is",
			"state": null
		}
	},
	{
		"pk": 297,
		"model": "web.task",
		"fields": {
			"owner": null,
			"story": 120,
			"score": null,
			"description": " trigger email for when campaign isn\u2019t running and should be",
			"state": null
		}
	},
	{
		"pk": 298,
		"model": "web.task",
		"fields": {
			"owner": 16,
			"story": 121,
			"score": 1,
			"description": " parse logs ",
			"state": "TO_CLOSED"
		}
	},
	{
		"pk": 404,
		"model": "web.task",
		"fields": {
			"owner": 16,
			"story": 122,
			"score": 2,
			"description": " check why this is happening ",
			"state": "TO_CLOSED"
		}
	},
	{
		"pk": 593,
		"model": "web.task",
		"fields": {
			"owner": 17,
			"story": 132,
			"score": 1,
			"description": " create repository, and put it in trac and rewiewboard ",
			"state": "TO_CLOSED"
		}
	},
	{
		"pk": 553,
		"model": "web.task",
		"fields": {
			"owner": 11,
			"story": 124,
			"score": 1,
			"description": " meeting participant ",
			"state": null
		}
	},
	{
		"pk": 407,
		"model": "web.task",
		"fields": {
			"owner": 8,
			"story": 125,
			"score": 5,
			"description": " implement thrift interfacing on octo side ",
			"state": null
		}
	},
	{
		"pk": 406,
		"model": "web.task",
		"fields": {
			"owner": 8,
			"story": 125,
			"score": 5,
			"description": " implement thrift interfacing on dmoz side. make sure it\u2019s multithreaded. ",
			"state": null
		}
	},
	{
		"pk": 405,
		"model": "web.task",
		"fields": {
			"owner": 8,
			"story": 125,
			"score": 1,
			"description": " define interface ",
			"state": null
		}
	},
	{
		"pk": 578,
		"model": "web.task",
		"fields": {
			"owner": 5,
			"story": 86,
			"score": 8,
			"description": " replace the existing layers with easyxdm ",
			"state": null
		}
	},
	{
		"pk": 333,
		"model": "web.task",
		"fields": {
			"owner": 7,
			"story": 91,
			"score": 1,
			"description": " test ",
			"state": null
		}
	},
	{
		"pk": 334,
		"model": "web.task",
		"fields": {
			"owner": 5,
			"story": 91,
			"score": 1,
			"description": " deploy ",
			"state": null
		}
	},
	{
		"pk": 563,
		"model": "web.task",
		"fields": {
			"owner": 5,
			"story": 94,
			"score": 2,
			"description": " prepare the presentation ",
			"state": "TO_CLOSED"
		}
	},
	{
		"pk": 347,
		"model": "web.task",
		"fields": {
			"owner": 8,
			"story": 95,
			"score": 1,
			"description": " change the behaviour ",
			"state": "TO_CLOSED"
		}
	},
	{
		"pk": 348,
		"model": "web.task",
		"fields": {
			"owner": 8,
			"story": 95,
			"score": 1,
			"description": " deploy ",
			"state": "TO_CLOSED"
		}
	},
	{
		"pk": 352,
		"model": "web.task",
		"fields": {
			"owner": 8,
			"story": 98,
			"score": 1,
			"description": " make it accessible to non-admins on new-type campagins ",
			"state": null
		}
	},
	{
		"pk": 353,
		"model": "web.task",
		"fields": {
			"owner": 8,
			"story": 98,
			"score": 1,
			"description": " deploy ",
			"state": null
		}
	},
	{
		"pk": 356,
		"model": "web.task",
		"fields": {
			"owner": 8,
			"story": 99,
			"score": 2,
			"description": " deploy  ",
			"state": null
		}
	},
	{
		"pk": 361,
		"model": "web.task",
		"fields": {
			"owner": 8,
			"story": 103,
			"score": 1,
			"description": " deploy ",
			"state": null
		}
	},
	{
		"pk": 369,
		"model": "web.task",
		"fields": {
			"owner": 16,
			"story": 104,
			"score": 1,
			"description": " deploy production aggregator ",
			"state": "TO_CLOSED"
		}
	},
	{
		"pk": 370,
		"model": "web.task",
		"fields": {
			"owner": 16,
			"story": 104,
			"score": 1,
			"description": " deploy new resolver ",
			"state": "TO_CLOSED"
		}
	},
	{
		"pk": 377,
		"model": "web.task",
		"fields": {
			"owner": 16,
			"story": 105,
			"score": 1,
			"description": " deploy ",
			"state": "TO_CLOSED"
		}
	},
	{
		"pk": 554,
		"model": "web.task",
		"fields": {
			"owner": 6,
			"story": 106,
			"score": 8,
			"description": " add an extra hinting layer to cebpipe client library ",
			"state": "TO_CLOSED"
		}
	},
	{
		"pk": 520,
		"model": "web.task",
		"fields": {
			"owner": 16,
			"story": 107,
			"score": 2,
			"description": " store media_thumbnail in jsonblob when parsing feed ",
			"state": "TO_CLOSED"
		}
	},
	{
		"pk": 524,
		"model": "web.task",
		"fields": {
			"owner": 16,
			"story": 108,
			"score": 2,
			"description": " use a zemanta class to do detection ",
			"state": "TO_CLOSED"
		}
	},
	{
		"pk": 388,
		"model": "web.task",
		"fields": {
			"owner": 17,
			"story": 109,
			"score": 3,
			"description": " bring up new papi and switch ",
			"state": "TO_CLOSED"
		}
	},
	{
		"pk": 401,
		"model": "web.task",
		"fields": {
			"owner": 8,
			"story": 118,
			"score": 1,
			"description": " deploy & test ",
			"state": null
		}
	},
	{
		"pk": 403,
		"model": "web.task",
		"fields": {
			"owner": 8,
			"story": 119,
			"score": 1,
			"description": " deploy ",
			"state": "TO_CLOSED"
		}
	},
	{
		"pk": 408,
		"model": "web.task",
		"fields": {
			"owner": 8,
			"story": 125,
			"score": 3,
			"description": " test & fix, test hard ",
			"state": null
		}
	},
	{
		"pk": 409,
		"model": "web.task",
		"fields": {
			"owner": 8,
			"story": 125,
			"score": 1,
			"description": " deploy ",
			"state": null
		}
	},
	{
		"pk": 516,
		"model": "web.task",
		"fields": {
			"owner": 8,
			"story": 100,
			"score": 1,
			"description": " organize a brainstorming session and decide what ",
			"state": "TO_WORKING"
		}
	},
	{
		"pk": 503,
		"model": "web.task",
		"fields": {
			"owner": 15,
			"story": 96,
			"score": 5,
			"description": " prototype RICH (friday, owner: rokp, design by tuesday) ",
			"state": "TO_CLOSED"
		}
	},
	{
		"pk": 502,
		"model": "web.task",
		"fields": {
			"owner": 15,
			"story": 96,
			"score": 0,
			"description": " prototype PLAIN (tuesday, owner: jurev) ",
			"state": "TO_CLOSED"
		}
	},
	{
		"pk": 523,
		"model": "web.task",
		"fields": {
			"owner": 16,
			"story": 107,
			"score": 2,
			"description": " deploy ",
			"state": "TO_CLOSED"
		}
	},
	{
		"pk": 525,
		"model": "web.task",
		"fields": {
			"owner": 16,
			"story": 108,
			"score": 2,
			"description": " deploy ",
			"state": "TO_CLOSED"
		}
	},
	{
		"pk": 541,
		"model": "web.task",
		"fields": {
			"owner": 3,
			"story": 117,
			"score": 1,
			"description": " deploy ",
			"state": "TO_CLOSED"
		}
	},
	{
		"pk": 538,
		"model": "web.task",
		"fields": {
			"owner": 9,
			"story": 117,
			"score": 2,
			"description": " extend \u201ccampaign\u201d model with additional throttling_factor field and make sure it is editable via admin interface (if possible it should only be shown on in text campaigns)  ",
			"state": "TO_CLOSED"
		}
	},
	{
		"pk": 552,
		"model": "web.task",
		"fields": {
			"owner": 6,
			"story": 124,
			"score": 1,
			"description": " meeting participant  ",
			"state": null
		}
	},
	{
		"pk": 551,
		"model": "web.task",
		"fields": {
			"owner": 2,
			"story": 124,
			"score": 1,
			"description": " meeting participant  ",
			"state": null
		}
	},
	{
		"pk": 550,
		"model": "web.task",
		"fields": {
			"owner": 16,
			"story": 124,
			"score": 1,
			"description": " meeting participant ",
			"state": null
		}
	},
	{
		"pk": 555,
		"model": "web.task",
		"fields": {
			"owner": 16,
			"story": 106,
			"score": 1,
			"description": " deploy ",
			"state": "TO_CLOSED"
		}
	},
	{
		"pk": 596,
		"model": "web.task",
		"fields": {
			"owner": 5,
			"story": 133,
			"score": 1,
			"description": " test & review by Panco ",
			"state": null
		}
	},
	{
		"pk": 595,
		"model": "web.task",
		"fields": {
			"owner": 3,
			"story": 133,
			"score": 4,
			"description": " refactor deploy.py and move it to tools repository ",
			"state": null
		}
	},
	{
		"pk": 594,
		"model": "web.task",
		"fields": {
			"owner": 17,
			"story": 133,
			"score": 1,
			"description": " prepare environment on steak ",
			"state": null
		}
	},
	{
		"pk": 560,
		"model": "web.task",
		"fields": {
			"owner": 10,
			"story": 127,
			"score": 5,
			"description": " Remove code that handles the image and it's wrapper when image is in the editor ",
			"state": null
		}
	},
	{
		"pk": 561,
		"model": "web.task",
		"fields": {
			"owner": 7,
			"story": 127,
			"score": 2,
			"description": " Test the results ",
			"state": null
		}
	},
	{
		"pk": 562,
		"model": "web.task",
		"fields": {
			"owner": 5,
			"story": 127,
			"score": 1,
			"description": " Deploy ",
			"state": null
		}
	},
	{
		"pk": 564,
		"model": "web.task",
		"fields": {
			"owner": 8,
			"story": 94,
			"score": 1,
			"description": " participant ",
			"state": "TO_CLOSED"
		}
	},
	{
		"pk": 565,
		"model": "web.task",
		"fields": {
			"owner": 6,
			"story": 94,
			"score": 1,
			"description": " participant ",
			"state": "TO_CLOSED"
		}
	},
	{
		"pk": 566,
		"model": "web.task",
		"fields": {
			"owner": 2,
			"story": 94,
			"score": 1,
			"description": " participant ",
			"state": "TO_CLOSED"
		}
	},
	{
		"pk": 567,
		"model": "web.task",
		"fields": {
			"owner": 11,
			"story": 94,
			"score": 1,
			"description": " participant ",
			"state": "TO_CLOSED"
		}
	},
	{
		"pk": 568,
		"model": "web.task",
		"fields": {
			"owner": 16,
			"story": 94,
			"score": 1,
			"description": " participant ",
			"state": "TO_CLOSED"
		}
	},
	{
		"pk": 569,
		"model": "web.task",
		"fields": {
			"owner": 10,
			"story": 128,
			"score": 0,
			"description": "Complete",
			"state": "TO_CLOSED"
		}
	},
	{
		"pk": 582,
		"model": "web.task",
		"fields": {
			"owner": 16,
			"story": 129,
			"score": 5,
			"description": "Complete",
			"state": "TO_CLOSED"
		}
	},
	{
		"pk": 589,
		"model": "web.task",
		"fields": {
			"owner": 15,
			"story": 130,
			"score": 1,
			"description": " Write a gitshell compatible bash script that pulls everything and updates everything so I'm up-to-date with everything without carpal syndrome ",
			"state": null
		}
	},
	{
		"pk": 590,
		"model": "web.task",
		"fields": {
			"owner": 15,
			"story": 130,
			"score": 1,
			"description": " Write a gitshell compatible bash script that pushes after commit ",
			"state": null
		}
	},
	{
		"pk": 591,
		"model": "web.task",
		"fields": {
			"owner": 15,
			"story": 130,
			"score": 1,
			"description": " Write a gitshell compatible bash script that takes the last tag, makes a new one and opens a mergetool automatically that shows differences between master and the new tag ",
			"state": null
		}
	},
	{
		"pk": 592,
		"model": "web.task",
		"fields": {
			"owner": 6,
			"story": 131,
			"score": 5,
			"description": "Complete",
			"state": "TO_CLOSED"
		}
	},
	{
		"pk": 597,
		"model": "web.task",
		"fields": {
			"owner": 10,
			"story": 134,
			"score": 3,
			"description": " make sure interface is backwards compatible for Joomla, EasyBlog and CopyPress ",
			"state": "TO_CLOSED"
		}
	},
	{
		"pk": 598,
		"model": "web.task",
		"fields": {
			"owner": 10,
			"story": 134,
			"score": 1,
			"description": " and demo page ",
			"state": "TO_CLOSED"
		}
	},
	{
		"pk": 599,
		"model": "web.task",
		"fields": {
			"owner": 7,
			"story": 134,
			"score": 8,
			"description": " test ",
			"state": "TO_CLOSED"
		}
	},
	{
		"pk": 600,
		"model": "web.task",
		"fields": {
			"owner": 5,
			"story": 134,
			"score": 1,
			"description": " deploy ",
			"state": null
		}
	},
	{
		"pk": 601,
		"model": "web.task",
		"fields": {
			"owner": 7,
			"story": 135,
			"score": 2,
			"description": " test ",
			"state": null
		}
	},
	{
		"pk": 602,
		"model": "web.task",
		"fields": {
			"owner": 5,
			"story": 135,
			"score": 1,
			"description": " deploy ",
			"state": null
		}
	},
	{
		"pk": 603,
		"model": "web.task",
		"fields": {
			"owner": 5,
			"story": 136,
			"score": 1,
			"description": " deploy ",
			"state": null
		}
	},
	{
		"pk": 604,
		"model": "web.task",
		"fields": {
			"owner": 7,
			"story": 136,
			"score": 1,
			"description": " test ",
			"state": null
		}
	},
	{
		"pk": 605,
		"model": "web.task",
		"fields": {
			"owner": 10,
			"story": 136,
			"score": 2,
			"description": " fix ",
			"state": null
		}
	},
	{
		"pk": 606,
		"model": "web.task",
		"fields": {
			"owner": 6,
			"story": 137,
			"score": 2,
			"description": " communicate the description and prototype Kevin  ",
			"state": null
		}
	},
	{
		"pk": 607,
		"model": "web.task",
		"fields": {
			"owner": 7,
			"story": 137,
			"score": 2,
			"description": " release and blog post ",
			"state": null
		}
	},
	{
		"pk": 608,
		"model": "web.task",
		"fields": {
			"owner": 7,
			"story": 137,
			"score": 2,
			"description": " testing wp.org plugin ",
			"state": null
		}
	},
	{
		"pk": 609,
		"model": "web.task",
		"fields": {
			"owner": 10,
			"story": 138,
			"score": 3,
			"description": " measure how many people click search in that screen before first request ",
			"state": null
		}
	},
	{
		"pk": 610,
		"model": "web.task",
		"fields": {
			"owner": 10,
			"story": 138,
			"score": 1,
			"description": " css fixes to not hide \u201cupdate\u201d button ",
			"state": null
		}
	},
	{
		"pk": 611,
		"model": "web.task",
		"fields": {
			"owner": 10,
			"story": 138,
			"score": 1,
			"description": " don\u2019t disable search, ever ",
			"state": null
		}
	},
	{
		"pk": 612,
		"model": "web.task",
		"fields": {
			"owner": 7,
			"story": 138,
			"score": 1,
			"description": " test ",
			"state": null
		}
	},
	{
		"pk": 613,
		"model": "web.task",
		"fields": {
			"owner": 5,
			"story": 138,
			"score": 1,
			"description": " deploy ",
			"state": null
		}
	},
	{
		"pk": 614,
		"model": "web.task",
		"fields": {
			"owner": 17,
			"story": 139,
			"score": 1,
			"description": " release ",
			"state": null
		}
	},
	{
		"pk": 615,
		"model": "web.task",
		"fields": {
			"owner": 6,
			"story": 139,
			"score": 1,
			"description": " communicate with Kevin ",
			"state": null
		}
	},
	{
		"pk": 616,
		"model": "web.task",
		"fields": {
			"owner": 7,
			"story": 139,
			"score": 2,
			"description": " test ",
			"state": null
		}
	},
	{
		"pk": 617,
		"model": "web.task",
		"fields": {
			"owner": 5,
			"story": 140,
			"score": 1,
			"description": " release ",
			"state": null
		}
	},
	{
		"pk": 618,
		"model": "web.task",
		"fields": {
			"owner": 5,
			"story": 141,
			"score": 1,
			"description": " make it granular enough to be avialable only on wp3.3 ",
			"state": null
		}
	},
	{
		"pk": 619,
		"model": "web.task",
		"fields": {
			"owner": 10,
			"story": 141,
			"score": 3,
			"description": " make html and css for the two buttons ",
			"state": null
		}
	},
	{
		"pk": 620,
		"model": "web.task",
		"fields": {
			"owner": 10,
			"story": 141,
			"score": 1,
			"description": " specify behaviour for the first button ",
			"state": null
		}
	},
	{
		"pk": 621,
		"model": "web.task",
		"fields": {
			"owner": 5,
			"story": 141,
			"score": 1,
			"description": " make new template for the inserted article ",
			"state": null
		}
	},
	{
		"pk": 622,
		"model": "web.task",
		"fields": {
			"owner": 10,
			"story": 141,
			"score": 3,
			"description": " implement the behaviour for the second button (insert with image) ",
			"state": null
		}
	},
	{
		"pk": 623,
		"model": "web.task",
		"fields": {
			"owner": 5,
			"story": 141,
			"score": 1,
			"description": " try to handle hover with delegate ",
			"state": null
		}
	},
	{
		"pk": 624,
		"model": "web.task",
		"fields": {
			"owner": 7,
			"story": 141,
			"score": 1,
			"description": " create a bunch of placeholder images (10)  ",
			"state": null
		}
	},
	{
		"pk": 625,
		"model": "web.task",
		"fields": {
			"owner": 7,
			"story": 141,
			"score": 5,
			"description": " test ",
			"state": null
		}
	},
	{
		"pk": 626,
		"model": "web.task",
		"fields": {
			"owner": 5,
			"story": 141,
			"score": 1,
			"description": " deploy ",
			"state": null
		}
	},
	{
		"pk": 627,
		"model": "web.task",
		"fields": {
			"owner": 17,
			"story": 142,
			"score": 3,
			"description": " check if we can afford serving thumbnails ",
			"state": null
		}
	},
	{
		"pk": 628,
		"model": "web.task",
		"fields": {
			"owner": 17,
			"story": 142,
			"score": 3,
			"description": " S3/CloudFront folder organization. Does it need any modifications? ",
			"state": null
		}
	},
	{
		"pk": 629,
		"model": "web.task",
		"fields": {
			"owner": 17,
			"story": 142,
			"score": 3,
			"description": " Should we have different buckets for serving thumbnails for the purpose of article previews and visual related articles? ",
			"state": null
		}
	},
	{
		"pk": 630,
		"model": "web.task",
		"fields": {
			"owner": 17,
			"story": 142,
			"score": 3,
			"description": " It might be wise to include addition information (e.g. campaign_id) to thumbnails url (after # sign)? ",
			"state": null
		}
	},
	{
		"pk": 631,
		"model": "web.task",
		"fields": {
			"owner": 17,
			"story": 142,
			"score": 3,
			"description": " IMPLEMENT A SOLUTION TO BE USED IN LAUNCHING A BETA ",
			"state": null
		}
	},
	{
		"pk": 632,
		"model": "web.task",
		"fields": {
			"owner": 7,
			"story": 143,
			"score": 1,
			"description": " learn ",
			"state": null
		}
	},
	{
		"pk": 633,
		"model": "web.task",
		"fields": {
			"owner": 7,
			"story": 143,
			"score": 3,
			"description": " measure ",
			"state": null
		}
	},
	{
		"pk": 634,
		"model": "web.task",
		"fields": {
			"owner": 15,
			"story": 143,
			"score": 1,
			"description": " build ",
			"state": null
		}
	},
	{
		"pk": 635,
		"model": "web.task",
		"fields": {
			"owner": 7,
			"story": 144,
			"score": 3,
			"description": " try them out ",
			"state": null
		}
	},
	{
		"pk": 636,
		"model": "web.task",
		"fields": {
			"owner": 6,
			"story": 145,
			"score": 1,
			"description": " Code review ",
			"state": "TO_CLOSED"
		}
	},
	{
		"pk": 637,
		"model": "web.task",
		"fields": {
			"owner": 8,
			"story": 145,
			"score": 1,
			"description": " deploy ",
			"state": "TO_CLOSED"
		}
	},
	{
		"pk": 638,
		"model": "web.task",
		"fields": {
			"owner": 8,
			"story": 146,
			"score": 2,
			"description": " fixes to the current implementation ",
			"state": null
		}
	},
	{
		"pk": 639,
		"model": "web.task",
		"fields": {
			"owner": 8,
			"story": 146,
			"score": 1,
			"description": " deploy ",
			"state": null
		}
	},
	{
		"pk": 640,
		"model": "web.task",
		"fields": {
			"owner": 6,
			"story": 147,
			"score": 1,
			"description": " use blogspire to list composite feeds - 10 of them ",
			"state": null
		}
	},
	{
		"pk": 641,
		"model": "web.task",
		"fields": {
			"owner": 16,
			"story": 147,
			"score": 1,
			"description": " go through the list manually  ",
			"state": null
		}
	},
	{
		"pk": 642,
		"model": "web.task",
		"fields": {
			"owner": 16,
			"story": 147,
			"score": 1,
			"description": " insert trusted feeds into aggregator  ",
			"state": null
		}
	},
	{
		"pk": 643,
		"model": "web.task",
		"fields": {
			"owner": 16,
			"story": 148,
			"score": 1,
			"description": " make sure that the munin graph works ",
			"state": "TO_CLOSED"
		}
	},
	{
		"pk": 645,
		"model": "web.task",
		"fields": {
			"owner": 10,
			"story": 149,
			"score": 5,
			"description": " Remove code that handles the image and it's wrapper when image is in the editor ",
			"state": null
		}
	},
	{
		"pk": 646,
		"model": "web.task",
		"fields": {
			"owner": 7,
			"story": 149,
			"score": 2,
			"description": " Test the results ",
			"state": null
		}
	},
	{
		"pk": 647,
		"model": "web.task",
		"fields": {
			"owner": 5,
			"story": 149,
			"score": 1,
			"description": " Deploy ",
			"state": null
		}
	},
	{
		"pk": 651,
		"model": "web.task",
		"fields": {
			"owner": 8,
			"story": 151,
			"score": 5,
			"description": " yikes (ASAP)    [#timebox]",
			"state": null
		}
	},
	{
		"pk": 656,
		"model": "web.task",
		"fields": {
			"owner": 8,
			"story": 153,
			"score": 5,
			"description": " make sure error gets returned through the whole chain from resolver and aggregator to prefs ",
			"state": null
		}
	},
	{
		"pk": 657,
		"model": "web.task",
		"fields": {
			"owner": 8,
			"story": 153,
			"score": 5,
			"description": " get familiar with current solution ",
			"state": null
		}
	},
	{
		"pk": 658,
		"model": "web.task",
		"fields": {
			"owner": 8,
			"story": 153,
			"score": 5,
			"description": " deploy prefs, aggregator, resolver ",
			"state": null
		}
	},
	{
		"pk": 725,
		"model": "web.task",
		"fields": {
			"owner": 10,
			"story": 173,
			"score": 3,
			"description": "Complete",
			"state": "TO_WAITING"
		}
	},
	{
		"pk": 668,
		"model": "web.task",
		"fields": {
			"owner": 5,
			"story": 156,
			"score": 1,
			"description": " change default in widget. all stories for Isac, assigned to panco",
			"state": null
		}
	},
	{
		"pk": 669,
		"model": "web.task",
		"fields": {
			"owner": 5,
			"story": 156,
			"score": 1,
			"description": " change the default radio button selection in preferences ",
			"state": null
		}
	},
	{
		"pk": 670,
		"model": "web.task",
		"fields": {
			"owner": 5,
			"story": 156,
			"score": 1,
			"description": " test ",
			"state": null
		}
	},
	{
		"pk": 671,
		"model": "web.task",
		"fields": {
			"owner": 5,
			"story": 156,
			"score": 1,
			"description": " deploy ",
			"state": null
		}
	},
	{
		"pk": 672,
		"model": "web.task",
		"fields": {
			"owner": 11,
			"story": 157,
			"score": 1,
			"description": " create a RabbitMQ queue \u201cprod.socialtracker.new_articles\u201d",
			"state": "TO_CLOSED"
		}
	},
	{
		"pk": 673,
		"model": "web.task",
		"fields": {
			"owner": 16,
			"story": 157,
			"score": 2,
			"description": " make aggregator send all newly aggregated articles through this queue (necessary information: published_datetime, article_id, url)",
			"state": "TO_CLOSED"
		}
	},
	{
		"pk": 674,
		"model": "web.task",
		"fields": {
			"owner": 16,
			"story": 157,
			"score": 2,
			"description": " deploy",
			"state": "TO_CLOSED"
		}
	},
	{
		"pk": 676,
		"model": "web.task",
		"fields": {
			"owner": 3,
			"story": 159,
			"score": 3,
			"description": " find a cause and try to fix it  [#timebox]",
			"state": null
		}
	},
	{
		"pk": 677,
		"model": "web.task",
		"fields": {
			"owner": 17,
			"story": 160,
			"score": 1,
			"description": " tom teaches marko ",
			"state": null
		}
	},
	{
		"pk": 678,
		"model": "web.task",
		"fields": {
			"owner": 8,
			"story": 161,
			"score": 1,
			"description": " interview ",
			"state": "TO_CLOSED"
		}
	},
	{
		"pk": 679,
		"model": "web.task",
		"fields": {
			"owner": 10,
			"story": 161,
			"score": 1,
			"description": " interview ",
			"state": "TO_CLOSED"
		}
	},
	{
		"pk": 680,
		"model": "web.task",
		"fields": {
			"owner": 6,
			"story": 161,
			"score": 1,
			"description": " hiring committe ",
			"state": "TO_CLOSED"
		}
	},
	{
		"pk": 681,
		"model": "web.task",
		"fields": {
			"owner": 8,
			"story": 162,
			"score": 1,
			"description": " interview ",
			"state": null
		}
	},
	{
		"pk": 682,
		"model": "web.task",
		"fields": {
			"owner": 10,
			"story": 162,
			"score": 1,
			"description": "interview ",
			"state": "TO_CLOSED"
		}
	},
	{
		"pk": 683,
		"model": "web.task",
		"fields": {
			"owner": 6,
			"story": 162,
			"score": 1,
			"description": " hiring committe",
			"state": null
		}
	},
	{
		"pk": 684,
		"model": "web.task",
		"fields": {
			"owner": 11,
			"story": 163,
			"score": 3,
			"description": " create a Django app (socialtracker) and git repository and virtualenv and requirements.txt and trac and reviewboard",
			"state": null
		}
	},
	{
		"pk": 685,
		"model": "web.task",
		"fields": {
			"owner": 11,
			"story": 163,
			"score": 3,
			"description": " create a MySQL database with tables `master_url_social` and `article_social`",
			"state": null
		}
	},
	{
		"pk": 686,
		"model": "web.task",
		"fields": {
			"owner": 11,
			"story": 163,
			"score": 3,
			"description": " create a Cassandra keyspace that will hold article data (article id -> #retweets, last update time, url, master_url statistics, published_datetime, past #retweets and update times)",
			"state": null
		}
	},
	{
		"pk": 687,
		"model": "web.task",
		"fields": {
			"owner": 11,
			"story": 163,
			"score": 3,
			"description": " write a function url -> master_url (already exists in https://svn.zemanta.com/trac/zdev/browser/reps/reps/domains/utils.py)",
			"state": null
		}
	},
	{
		"pk": 688,
		"model": "web.task",
		"fields": {
			"owner": 11,
			"story": 163,
			"score": 3,
			"description": " write a consumer for Aggregator's queue that will write newly aggregated articles to the database (along with adding a new master_url into the database, if necessary). This service should also set the `next_action_time` of both articles and master_urls to `now`.",
			"state": null
		}
	},
	{
		"pk": 689,
		"model": "web.task",
		"fields": {
			"owner": 11,
			"story": 163,
			"score": 3,
			"description": " write a `retweets_fetcher` (possibly reusing the code from blogspire) that will `SELECT` the articles that need updating from MySQL database (ordered by `next_action_datetime`) and fetch their retweets using multiple threads, then calculate the `next_action_datetime` using article's age, write the new data to MySQL database, and update Cassandra. Log all fetched retweets to disk, so that we have all the data saved and can perform statistics later on.",
			"state": null
		}
	},
	{
		"pk": 690,
		"model": "web.task",
		"fields": {
			"owner": 11,
			"story": 163,
			"score": 3,
			"description": " this service should wake up every few seconds (ask Tomaz how to implement this: celeryd task, django manage.py command, standalone python process)",
			"state": null
		}
	},
	{
		"pk": 691,
		"model": "web.task",
		"fields": {
			"owner": 11,
			"story": 163,
			"score": 3,
			"description": " write a `master_url_service` that will `SELECT` the master_urls that need updating from MySQL database (ordered by `next_action_datetime`), and for each master_url` `SELECT` all articles belonging to it, fetch their last retweets from Cassandra, and calculate the new sourcefeed statistics. These statistics then need to be written to MySQL and each article in Cassandra needs to be updated. The `next_action_datetime` should be set to 3-4 weeks into the future.",
			"state": null
		}
	},
	{
		"pk": 692,
		"model": "web.task",
		"fields": {
			"owner": 11,
			"story": 163,
			"score": 3,
			"description": " make this service run every few minutes",
			"state": null
		}
	},
	{
		"pk": 693,
		"model": "web.task",
		"fields": {
			"owner": 11,
			"story": 163,
			"score": 3,
			"description": " implement Blinkenlights statistics: 100 random master_urls, track average and maximum refresh age, and average mean and standard deviation, and last 100 articles from these 100 master_urls, number of errors, average refresh age, mean and standard deviation of #retweets",
			"state": null
		}
	},
	{
		"pk": 694,
		"model": "web.task",
		"fields": {
			"owner": 8,
			"story": 164,
			"score": 3,
			"description": " try to fix out what is wrong  [#timebox]",
			"state": "TO_CLOSED"
		}
	},
	{
		"pk": 695,
		"model": "web.task",
		"fields": {
			"owner": 17,
			"story": 165,
			"score": 1,
			"description": " reconfigure nginx (?) to accept larger files ",
			"state": null
		}
	},
	{
		"pk": 696,
		"model": "web.task",
		"fields": {
			"owner": 2,
			"story": 165,
			"score": 2,
			"description": " fix resolver to not timeout too fast when downloading large files from internet ",
			"state": null
		}
	},
	{
		"pk": 697,
		"model": "web.task",
		"fields": {
			"owner": 2,
			"story": 165,
			"score": 1,
			"description": " test resolver ",
			"state": null
		}
	},
	{
		"pk": 698,
		"model": "web.task",
		"fields": {
			"owner": 2,
			"story": 165,
			"score": 1,
			"description": " deploy resolver",
			"state": null
		}
	},
	{
		"pk": 699,
		"model": "web.task",
		"fields": {
			"owner": 16,
			"story": 166,
			"score": 1,
			"description": " Upgrade to python 2.6 on merkur ",
			"state": null
		}
	},
	{
		"pk": 700,
		"model": "web.task",
		"fields": {
			"owner": 16,
			"story": 166,
			"score": 2,
			"description": " make a script that will install all dependences (including CLD) in a virtual environment ",
			"state": null
		}
	},
	{
		"pk": 701,
		"model": "web.task",
		"fields": {
			"owner": 3,
			"story": 167,
			"score": 5,
			"description": " implement proper logging ",
			"state": null
		}
	},
	{
		"pk": 702,
		"model": "web.task",
		"fields": {
			"owner": 3,
			"story": 167,
			"score": 3,
			"description": " logging of main entry points, exits and exceptions ",
			"state": null
		}
	},
	{
		"pk": 703,
		"model": "web.task",
		"fields": {
			"owner": 3,
			"story": 167,
			"score": 1,
			"description": " figure out what\u2019s happening with our API ",
			"state": null
		}
	},
	{
		"pk": 704,
		"model": "web.task",
		"fields": {
			"owner": 3,
			"story": 168,
			"score": 2,
			"description": " define what we need ",
			"state": null
		}
	},
	{
		"pk": 705,
		"model": "web.task",
		"fields": {
			"owner": 17,
			"story": 168,
			"score": 1,
			"description": " collect quotes ",
			"state": null
		}
	},
	{
		"pk": 706,
		"model": "web.task",
		"fields": {
			"owner": 2,
			"story": 168,
			"score": 2,
			"description": " prioritize, make decision",
			"state": null
		}
	},
	{
		"pk": 707,
		"model": "web.task",
		"fields": {
			"owner": 17,
			"story": 168,
			"score": 1,
			"description": " consider buying storage for backups in second datacenter (Telekom) ",
			"state": null
		}
	},
	{
		"pk": 708,
		"model": "web.task",
		"fields": {
			"owner": null,
			"story": 169,
			"score": 1,
			"description": " code review  [@andraz]",
			"state": "TO_WORKING"
		}
	},
	{
		"pk": 709,
		"model": "web.task",
		"fields": {
			"owner": null,
			"story": 169,
			"score": 1,
			"description": " re-run data from Nov 1st until now  [@andraz]",
			"state": "TO_WORKING"
		}
	},
	{
		"pk": 710,
		"model": "web.task",
		"fields": {
			"owner": 8,
			"story": 170,
			"score": 2,
			"description": " figure out exactly which code needs to be modified and plan which day we\u2019ll switch all partners over ",
			"state": null
		}
	},
	{
		"pk": 711,
		"model": "web.task",
		"fields": {
			"owner": 8,
			"story": 170,
			"score": 3,
			"description": " write extensive unit tests ",
			"state": null
		}
	},
	{
		"pk": 712,
		"model": "web.task",
		"fields": {
			"owner": 8,
			"story": 170,
			"score": 3,
			"description": " modify the code to pass these unit tests ",
			"state": null
		}
	},
	{
		"pk": 713,
		"model": "web.task",
		"fields": {
			"owner": null,
			"story": 170,
			"score": 1,
			"description": " code reviews  [@andraz]",
			"state": null
		}
	},
	{
		"pk": 714,
		"model": "web.task",
		"fields": {
			"owner": 6,
			"story": 170,
			"score": 1,
			"description": " code reviews ",
			"state": null
		}
	},
	{
		"pk": 715,
		"model": "web.task",
		"fields": {
			"owner": 8,
			"story": 170,
			"score": 2,
			"description": " flip the switch/deploy and manually check a bunch of client data ",
			"state": null
		}
	},
	{
		"pk": 716,
		"model": "web.task",
		"fields": {
			"owner": 17,
			"story": 171,
			"score": 2,
			"description": " create a scrip ",
			"state": null
		}
	},
	{
		"pk": 717,
		"model": "web.task",
		"fields": {
			"owner": 2,
			"story": 171,
			"score": 1,
			"description": " test it ",
			"state": null
		}
	},
	{
		"pk": 1,
		"model": "web.boardprototype",
		"fields": {
			"readable_description": "Waiting|Development|Review/Testing|Done|Fire",
			"columns_json": "{\"Waiting\":{\"tag\":\"WAITING\",\"order\":1},\"Development\":{\"tag\":\"DEVELOPMENT\",\"order\":2},\"Review/Testing\":{\"tag\":\"REVIEW-TESTING\",\"order\":3},\"Done\":{\"tag\":\"DONE\",\"order\":4},\"Fire\":{\"tag\":\"FIRE\",\"order\":5}}"
		}
	},
	{
		"pk": 1,
		"model": "web.board",
		"fields": {
			"sprint": 1,
			"from_prototype": 1
		}
	},
	{
		"pk": 2,
		"model": "web.board",
		"fields": {
			"sprint": 2,
			"from_prototype": 1
		}
	},
	{
		"pk": 3,
		"model": "web.board",
		"fields": {
			"sprint": 3,
			"from_prototype": 1
		}
	},
	{
		"pk": 1,
		"model": "web.boardcolumn",
		"fields": {
			"order": 2,
			"tag": "DEVELOPMENT",
			"board": 1,
			"title": "Development"
		}
	},
	{
		"pk": 2,
		"model": "web.boardcolumn",
		"fields": {
			"order": 5,
			"tag": "FIRE",
			"board": 1,
			"title": "Fire"
		}
	},
	{
		"pk": 3,
		"model": "web.boardcolumn",
		"fields": {
			"order": 1,
			"tag": "WAITING",
			"board": 1,
			"title": "Waiting"
		}
	},
	{
		"pk": 4,
		"model": "web.boardcolumn",
		"fields": {
			"order": 3,
			"tag": "REVIEW-TESTING",
			"board": 1,
			"title": "Review/Testing"
		}
	},
	{
		"pk": 5,
		"model": "web.boardcolumn",
		"fields": {
			"order": 4,
			"tag": "DONE",
			"board": 1,
			"title": "Done"
		}
	},
	{
		"pk": 6,
		"model": "web.boardcolumn",
		"fields": {
			"order": 2,
			"tag": "DEVELOPMENT",
			"board": 2,
			"title": "Development"
		}
	},
	{
		"pk": 7,
		"model": "web.boardcolumn",
		"fields": {
			"order": 5,
			"tag": "FIRE",
			"board": 2,
			"title": "Fire"
		}
	},
	{
		"pk": 8,
		"model": "web.boardcolumn",
		"fields": {
			"order": 1,
			"tag": "WAITING",
			"board": 2,
			"title": "Waiting"
		}
	},
	{
		"pk": 9,
		"model": "web.boardcolumn",
		"fields": {
			"order": 3,
			"tag": "REVIEW-TESTING",
			"board": 2,
			"title": "Review/Testing"
		}
	},
	{
		"pk": 10,
		"model": "web.boardcolumn",
		"fields": {
			"order": 4,
			"tag": "DONE",
			"board": 2,
			"title": "Done"
		}
	},
	{
		"pk": 11,
		"model": "web.boardcolumn",
		"fields": {
			"order": 2,
			"tag": "DEVELOPMENT",
			"board": 3,
			"title": "Development"
		}
	},
	{
		"pk": 12,
		"model": "web.boardcolumn",
		"fields": {
			"order": 5,
			"tag": "FIRE",
			"board": 3,
			"title": "Fire"
		}
	},
	{
		"pk": 13,
		"model": "web.boardcolumn",
		"fields": {
			"order": 1,
			"tag": "WAITING",
			"board": 3,
			"title": "Waiting"
		}
	},
	{
		"pk": 14,
		"model": "web.boardcolumn",
		"fields": {
			"order": 3,
			"tag": "REVIEW-TESTING",
			"board": 3,
			"title": "Review/Testing"
		}
	},
	{
		"pk": 15,
		"model": "web.boardcolumn",
		"fields": {
			"order": 4,
			"tag": "DONE",
			"board": 3,
			"title": "Done"
		}
	},
	{
		"pk": 1,
		"model": "web.boardaction",
		"fields": {
			"date": "2012-01-06 03:57:55",
			"story": 6,
			"board_to": "DEVELOPMENT",
			"board_from": "WAITING",
			"actor": 5
		}
	},
	{
		"pk": 2,
		"model": "web.boardaction",
		"fields": {
			"date": "2012-01-06 04:33:13",
			"story": 58,
			"board_to": "DONE",
			"board_from": "WAITING",
			"actor": 16
		}
	},
	{
		"pk": 3,
		"model": "web.boardaction",
		"fields": {
			"date": "2012-01-06 04:55:20",
			"story": 30,
			"board_to": "DEVELOPMENT",
			"board_from": "WAITING",
			"actor": 8
		}
	},
	{
		"pk": 4,
		"model": "web.boardaction",
		"fields": {
			"date": "2012-01-06 04:55:29",
			"story": 30,
			"board_to": "REVIEW-TESTING",
			"board_from": "DEVELOPMENT",
			"actor": 8
		}
	},
	{
		"pk": 5,
		"model": "web.boardaction",
		"fields": {
			"date": "2012-01-06 04:55:40",
			"story": 37,
			"board_to": "DEVELOPMENT",
			"board_from": "WAITING",
			"actor": 8
		}
	},
	{
		"pk": 6,
		"model": "web.boardaction",
		"fields": {
			"date": "2012-01-06 06:44:24",
			"story": 45,
			"board_to": "DEVELOPMENT",
			"board_from": "WAITING",
			"actor": 16
		}
	},
	{
		"pk": 7,
		"model": "web.boardaction",
		"fields": {
			"date": "2012-01-06 10:53:53",
			"story": 5,
			"board_to": "REVIEW-TESTING",
			"board_from": "WAITING",
			"actor": 10
		}
	},
	{
		"pk": 8,
		"model": "web.boardaction",
		"fields": {
			"date": "2012-01-06 10:53:56",
			"story": 5,
			"board_to": "WAITING",
			"board_from": "REVIEW-TESTING",
			"actor": 10
		}
	},
	{
		"pk": 9,
		"model": "web.boardaction",
		"fields": {
			"date": "2012-01-10 04:27:29",
			"story": 5,
			"board_to": "DEVELOPMENT",
			"board_from": "WAITING",
			"actor": 10
		}
	},
	{
		"pk": 10,
		"model": "web.boardaction",
		"fields": {
			"date": "2012-01-10 06:41:07",
			"story": 58,
			"board_to": "REVIEW-TESTING",
			"board_from": "DONE",
			"actor": 11
		}
	},
	{
		"pk": 11,
		"model": "web.boardaction",
		"fields": {
			"date": "2012-01-10 06:41:12",
			"story": 58,
			"board_to": "DONE",
			"board_from": "REVIEW-TESTING",
			"actor": 11
		}
	},
	{
		"pk": 12,
		"model": "web.boardaction",
		"fields": {
			"date": "2012-01-11 03:31:47",
			"story": 77,
			"board_to": "DEVELOPMENT",
			"board_from": "WAITING",
			"actor": 16
		}
	},
	{
		"pk": 13,
		"model": "web.boardaction",
		"fields": {
			"date": "2012-01-11 03:42:50",
			"story": 5,
			"board_to": "REVIEW-TESTING",
			"board_from": "DEVELOPMENT",
			"actor": 3
		}
	},
	{
		"pk": 14,
		"model": "web.boardaction",
		"fields": {
			"date": "2012-01-11 03:42:56",
			"story": 5,
			"board_to": "DONE",
			"board_from": "REVIEW-TESTING",
			"actor": 3
		}
	},
	{
		"pk": 15,
		"model": "web.boardaction",
		"fields": {
			"date": "2012-01-11 03:43:07",
			"story": 5,
			"board_to": "DEVELOPMENT",
			"board_from": "DONE",
			"actor": 3
		}
	},
	{
		"pk": 16,
		"model": "web.boardaction",
		"fields": {
			"date": "2012-01-11 07:43:11",
			"story": 78,
			"board_to": "DEVELOPMENT",
			"board_from": "WAITING",
			"actor": 16
		}
	},
	{
		"pk": 17,
		"model": "web.boardaction",
		"fields": {
			"date": "2012-01-12 04:50:30",
			"story": 3,
			"board_to": "REVIEW-TESTING",
			"board_from": "WAITING",
			"actor": 5
		}
	},
	{
		"pk": 18,
		"model": "web.boardaction",
		"fields": {
			"date": "2012-01-12 04:50:33",
			"story": 7,
			"board_to": "REVIEW-TESTING",
			"board_from": "WAITING",
			"actor": 5
		}
	},
	{
		"pk": 19,
		"model": "web.boardaction",
		"fields": {
			"date": "2012-01-12 04:50:36",
			"story": 8,
			"board_to": "REVIEW-TESTING",
			"board_from": "WAITING",
			"actor": 5
		}
	},
	{
		"pk": 20,
		"model": "web.boardaction",
		"fields": {
			"date": "2012-01-12 04:50:41",
			"story": 10,
			"board_to": "REVIEW-TESTING",
			"board_from": "WAITING",
			"actor": 5
		}
	},
	{
		"pk": 21,
		"model": "web.boardaction",
		"fields": {
			"date": "2012-01-12 04:50:50",
			"story": 4,
			"board_to": "DEVELOPMENT",
			"board_from": "WAITING",
			"actor": 5
		}
	},
	{
		"pk": 22,
		"model": "web.boardaction",
		"fields": {
			"date": "2012-01-12 04:51:10",
			"story": 22,
			"board_to": "REVIEW-TESTING",
			"board_from": "WAITING",
			"actor": 5
		}
	},
	{
		"pk": 23,
		"model": "web.boardaction",
		"fields": {
			"date": "2012-01-12 04:51:16",
			"story": 21,
			"board_to": "REVIEW-TESTING",
			"board_from": "WAITING",
			"actor": 5
		}
	},
	{
		"pk": 24,
		"model": "web.boardaction",
		"fields": {
			"date": "2012-01-12 04:51:24",
			"story": 76,
			"board_to": "REVIEW-TESTING",
			"board_from": "WAITING",
			"actor": 5
		}
	},
	{
		"pk": 25,
		"model": "web.boardaction",
		"fields": {
			"date": "2012-01-12 04:52:03",
			"story": 24,
			"board_to": "DEVELOPMENT",
			"board_from": "WAITING",
			"actor": 5
		}
	},
	{
		"pk": 26,
		"model": "web.boardaction",
		"fields": {
			"date": "2012-01-12 04:52:36",
			"story": 27,
			"board_to": "DONE",
			"board_from": "WAITING",
			"actor": 5
		}
	},
	{
		"pk": 27,
		"model": "web.boardaction",
		"fields": {
			"date": "2012-01-12 04:53:49",
			"story": 73,
			"board_to": "DEVELOPMENT",
			"board_from": "WAITING",
			"actor": 3
		}
	},
	{
		"pk": 28,
		"model": "web.boardaction",
		"fields": {
			"date": "2012-01-12 04:56:10",
			"story": 76,
			"board_to": "FIRE",
			"board_from": "REVIEW-TESTING",
			"actor": 5
		}
	},
	{
		"pk": 29,
		"model": "web.boardaction",
		"fields": {
			"date": "2012-01-12 04:57:14",
			"story": 13,
			"board_to": "REVIEW-TESTING",
			"board_from": "WAITING",
			"actor": 10
		}
	},
	{
		"pk": 30,
		"model": "web.boardaction",
		"fields": {
			"date": "2012-01-12 04:57:27",
			"story": 6,
			"board_to": "DONE",
			"board_from": "DEVELOPMENT",
			"actor": 5
		}
	},
	{
		"pk": 31,
		"model": "web.boardaction",
		"fields": {
			"date": "2012-01-12 04:57:39",
			"story": 24,
			"board_to": "REVIEW-TESTING",
			"board_from": "DEVELOPMENT",
			"actor": 10
		}
	},
	{
		"pk": 32,
		"model": "web.boardaction",
		"fields": {
			"date": "2012-01-12 04:58:35",
			"story": 55,
			"board_to": "DONE",
			"board_from": "WAITING",
			"actor": 16
		}
	},
	{
		"pk": 33,
		"model": "web.boardaction",
		"fields": {
			"date": "2012-01-12 04:58:56",
			"story": 59,
			"board_to": "DEVELOPMENT",
			"board_from": "WAITING",
			"actor": 16
		}
	},
	{
		"pk": 34,
		"model": "web.boardaction",
		"fields": {
			"date": "2012-01-12 05:00:54",
			"story": 79,
			"board_to": "DEVELOPMENT",
			"board_from": "WAITING",
			"actor": 8
		}
	},
	{
		"pk": 35,
		"model": "web.boardaction",
		"fields": {
			"date": "2012-01-12 05:01:07",
			"story": 77,
			"board_to": "FIRE",
			"board_from": "DEVELOPMENT",
			"actor": 16
		}
	},
	{
		"pk": 36,
		"model": "web.boardaction",
		"fields": {
			"date": "2012-01-12 05:01:20",
			"story": 33,
			"board_to": "DEVELOPMENT",
			"board_from": "WAITING",
			"actor": 8
		}
	},
	{
		"pk": 37,
		"model": "web.boardaction",
		"fields": {
			"date": "2012-01-12 05:01:23",
			"story": 34,
			"board_to": "DEVELOPMENT",
			"board_from": "WAITING",
			"actor": 8
		}
	},
	{
		"pk": 38,
		"model": "web.boardaction",
		"fields": {
			"date": "2012-01-12 05:01:27",
			"story": 34,
			"board_to": "WAITING",
			"board_from": "DEVELOPMENT",
			"actor": 8
		}
	},
	{
		"pk": 39,
		"model": "web.boardaction",
		"fields": {
			"date": "2012-01-12 05:01:30",
			"story": 33,
			"board_to": "WAITING",
			"board_from": "DEVELOPMENT",
			"actor": 8
		}
	},
	{
		"pk": 40,
		"model": "web.boardaction",
		"fields": {
			"date": "2012-01-12 05:01:37",
			"story": 63,
			"board_to": "DEVELOPMENT",
			"board_from": "WAITING",
			"actor": 16
		}
	},
	{
		"pk": 41,
		"model": "web.boardaction",
		"fields": {
			"date": "2012-01-12 05:03:10",
			"story": 75,
			"board_to": "FIRE",
			"board_from": "WAITING",
			"actor": 10
		}
	},
	{
		"pk": 42,
		"model": "web.boardaction",
		"fields": {
			"date": "2012-01-12 05:05:27",
			"story": 80,
			"board_to": "REVIEW-TESTING",
			"board_from": "WAITING",
			"actor": 8
		}
	},
	{
		"pk": 43,
		"model": "web.boardaction",
		"fields": {
			"date": "2012-01-12 05:06:57",
			"story": 79,
			"board_to": "DEVELOPMENT",
			"board_from": "WAITING",
			"actor": 8
		}
	},
	{
		"pk": 44,
		"model": "web.boardaction",
		"fields": {
			"date": "2012-01-12 05:17:49",
			"story": 48,
			"board_to": "DEVELOPMENT",
			"board_from": "WAITING",
			"actor": 17
		}
	},
	{
		"pk": 45,
		"model": "web.boardaction",
		"fields": {
			"date": "2012-01-12 05:18:06",
			"story": 49,
			"board_to": "REVIEW-TESTING",
			"board_from": "WAITING",
			"actor": 17
		}
	},
	{
		"pk": 46,
		"model": "web.boardaction",
		"fields": {
			"date": "2012-01-12 05:18:28",
			"story": 53,
			"board_to": "DONE",
			"board_from": "WAITING",
			"actor": 17
		}
	},
	{
		"pk": 47,
		"model": "web.boardaction",
		"fields": {
			"date": "2012-01-12 05:18:41",
			"story": 51,
			"board_to": "DONE",
			"board_from": "WAITING",
			"actor": 17
		}
	},
	{
		"pk": 48,
		"model": "web.boardaction",
		"fields": {
			"date": "2012-01-12 05:25:29",
			"story": 70,
			"board_to": "DEVELOPMENT",
			"board_from": "WAITING",
			"actor": 15
		}
	},
	{
		"pk": 49,
		"model": "web.boardaction",
		"fields": {
			"date": "2012-01-12 05:27:20",
			"story": 51,
			"board_to": "REVIEW-TESTING",
			"board_from": "DONE",
			"actor": 17
		}
	},
	{
		"pk": 50,
		"model": "web.boardaction",
		"fields": {
			"date": "2012-01-12 05:27:24",
			"story": 51,
			"board_to": "DONE",
			"board_from": "REVIEW-TESTING",
			"actor": 17
		}
	},
	{
		"pk": 51,
		"model": "web.boardaction",
		"fields": {
			"date": "2012-01-12 10:15:13",
			"story": 71,
			"board_to": "DEVELOPMENT",
			"board_from": "WAITING",
			"actor": 6
		}
	},
	{
		"pk": 52,
		"model": "web.boardaction",
		"fields": {
			"date": "2012-01-12 10:39:33",
			"story": 79,
			"board_to": "REVIEW-TESTING",
			"board_from": "DEVELOPMENT",
			"actor": 8
		}
	},
	{
		"pk": 53,
		"model": "web.boardaction",
		"fields": {
			"date": "2012-01-12 10:39:44",
			"story": 30,
			"board_to": "DONE",
			"board_from": "REVIEW-TESTING",
			"actor": 8
		}
	},
	{
		"pk": 54,
		"model": "web.boardaction",
		"fields": {
			"date": "2012-01-12 10:40:24",
			"story": 57,
			"board_to": "DEVELOPMENT",
			"board_from": "WAITING",
			"actor": 8
		}
	},
	{
		"pk": 55,
		"model": "web.boardaction",
		"fields": {
			"date": "2012-01-12 16:31:30",
			"story": 78,
			"board_to": "REVIEW-TESTING",
			"board_from": "DEVELOPMENT",
			"actor": 16
		}
	},
	{
		"pk": 56,
		"model": "web.boardaction",
		"fields": {
			"date": "2012-01-13 03:39:38",
			"story": 84,
			"board_to": "FIRE",
			"board_from": "WAITING",
			"actor": 15
		}
	},
	{
		"pk": 57,
		"model": "web.boardaction",
		"fields": {
			"date": "2012-01-13 04:57:01",
			"story": 21,
			"board_to": "DONE",
			"board_from": "REVIEW-TESTING",
			"actor": 15
		}
	},
	{
		"pk": 58,
		"model": "web.boardaction",
		"fields": {
			"date": "2012-01-13 06:21:51",
			"story": 8,
			"board_to": "DONE",
			"board_from": "REVIEW-TESTING",
			"actor": 10
		}
	},
	{
		"pk": 59,
		"model": "web.boardaction",
		"fields": {
			"date": "2012-01-13 06:22:00",
			"story": 10,
			"board_to": "DONE",
			"board_from": "REVIEW-TESTING",
			"actor": 10
		}
	},
	{
		"pk": 60,
		"model": "web.boardaction",
		"fields": {
			"date": "2012-01-13 06:22:05",
			"story": 13,
			"board_to": "DONE",
			"board_from": "REVIEW-TESTING",
			"actor": 10
		}
	},
	{
		"pk": 61,
		"model": "web.boardaction",
		"fields": {
			"date": "2012-01-13 06:22:13",
			"story": 24,
			"board_to": "DONE",
			"board_from": "REVIEW-TESTING",
			"actor": 10
		}
	},
	{
		"pk": 62,
		"model": "web.boardaction",
		"fields": {
			"date": "2012-01-13 08:22:45",
			"story": 37,
			"board_to": "REVIEW-TESTING",
			"board_from": "DEVELOPMENT",
			"actor": 8
		}
	},
	{
		"pk": 63,
		"model": "web.boardaction",
		"fields": {
			"date": "2012-01-13 08:30:47",
			"story": 49,
			"board_to": "DONE",
			"board_from": "REVIEW-TESTING",
			"actor": 17
		}
	},
	{
		"pk": 64,
		"model": "web.boardaction",
		"fields": {
			"date": "2012-01-13 09:32:48",
			"story": 80,
			"board_to": "FIRE",
			"board_from": "REVIEW-TESTING",
			"actor": 8
		}
	},
	{
		"pk": 65,
		"model": "web.boardaction",
		"fields": {
			"date": "2012-01-13 09:32:59",
			"story": 79,
			"board_to": "FIRE",
			"board_from": "REVIEW-TESTING",
			"actor": 8
		}
	},
	{
		"pk": 66,
		"model": "web.boardaction",
		"fields": {
			"date": "2012-01-13 10:11:25",
			"story": 22,
			"board_to": "DONE",
			"board_from": "REVIEW-TESTING",
			"actor": 11
		}
	},
	{
		"pk": 67,
		"model": "web.boardaction",
		"fields": {
			"date": "2012-01-13 10:11:53",
			"story": 3,
			"board_to": "DONE",
			"board_from": "REVIEW-TESTING",
			"actor": 11
		}
	},
	{
		"pk": 68,
		"model": "web.boardaction",
		"fields": {
			"date": "2012-01-16 04:40:29",
			"story": 71,
			"board_to": "REVIEW-TESTING",
			"board_from": "DEVELOPMENT",
			"actor": 7
		}
	},
	{
		"pk": 69,
		"model": "web.boardaction",
		"fields": {
			"date": "2012-01-16 04:43:35",
			"story": 56,
			"board_to": "REVIEW-TESTING",
			"board_from": "WAITING",
			"actor": 3
		}
	},
	{
		"pk": 70,
		"model": "web.boardaction",
		"fields": {
			"date": "2012-01-16 04:43:38",
			"story": 73,
			"board_to": "REVIEW-TESTING",
			"board_from": "DEVELOPMENT",
			"actor": 3
		}
	},
	{
		"pk": 71,
		"model": "web.boardaction",
		"fields": {
			"date": "2012-01-16 04:43:43",
			"story": 63,
			"board_to": "REVIEW-TESTING",
			"board_from": "DEVELOPMENT",
			"actor": 3
		}
	},
	{
		"pk": 72,
		"model": "web.boardaction",
		"fields": {
			"date": "2012-01-16 04:43:47",
			"story": 57,
			"board_to": "REVIEW-TESTING",
			"board_from": "DEVELOPMENT",
			"actor": 3
		}
	},
	{
		"pk": 73,
		"model": "web.boardaction",
		"fields": {
			"date": "2012-01-16 04:44:09",
			"story": 11,
			"board_to": "DEVELOPMENT",
			"board_from": "WAITING",
			"actor": 3
		}
	},
	{
		"pk": 74,
		"model": "web.boardaction",
		"fields": {
			"date": "2012-01-16 04:50:03",
			"story": 70,
			"board_to": "REVIEW-TESTING",
			"board_from": "DEVELOPMENT",
			"actor": 6
		}
	},
	{
		"pk": 75,
		"model": "web.boardaction",
		"fields": {
			"date": "2012-01-16 04:51:25",
			"story": 34,
			"board_to": "DEVELOPMENT",
			"board_from": "WAITING",
			"actor": 8
		}
	},
	{
		"pk": 76,
		"model": "web.boardaction",
		"fields": {
			"date": "2012-01-16 04:51:27",
			"story": 33,
			"board_to": "DEVELOPMENT",
			"board_from": "WAITING",
			"actor": 8
		}
	},
	{
		"pk": 77,
		"model": "web.boardaction",
		"fields": {
			"date": "2012-01-16 04:51:31",
			"story": 35,
			"board_to": "DEVELOPMENT",
			"board_from": "WAITING",
			"actor": 8
		}
	},
	{
		"pk": 78,
		"model": "web.boardaction",
		"fields": {
			"date": "2012-01-16 04:51:35",
			"story": 40,
			"board_to": "DEVELOPMENT",
			"board_from": "WAITING",
			"actor": 8
		}
	},
	{
		"pk": 79,
		"model": "web.boardaction",
		"fields": {
			"date": "2012-01-16 04:52:34",
			"story": 59,
			"board_to": "DONE",
			"board_from": "DEVELOPMENT",
			"actor": 6
		}
	},
	{
		"pk": 80,
		"model": "web.boardaction",
		"fields": {
			"date": "2012-01-16 04:52:49",
			"story": 74,
			"board_to": "FIRE",
			"board_from": "WAITING",
			"actor": 6
		}
	},
	{
		"pk": 81,
		"model": "web.boardaction",
		"fields": {
			"date": "2012-01-16 04:53:18",
			"story": 78,
			"board_to": "FIRE",
			"board_from": "REVIEW-TESTING",
			"actor": 6
		}
	},
	{
		"pk": 82,
		"model": "web.boardaction",
		"fields": {
			"date": "2012-01-16 04:53:38",
			"story": 45,
			"board_to": "DONE",
			"board_from": "DEVELOPMENT",
			"actor": 6
		}
	},
	{
		"pk": 83,
		"model": "web.boardaction",
		"fields": {
			"date": "2012-01-16 04:53:50",
			"story": 44,
			"board_to": "DEVELOPMENT",
			"board_from": "WAITING",
			"actor": 6
		}
	},
	{
		"pk": 84,
		"model": "web.boardaction",
		"fields": {
			"date": "2012-01-16 04:58:49",
			"story": 24,
			"board_to": "REVIEW-TESTING",
			"board_from": "DONE",
			"actor": 6
		}
	},
	{
		"pk": 85,
		"model": "web.boardaction",
		"fields": {
			"date": "2012-01-16 04:59:02",
			"story": 13,
			"board_to": "DEVELOPMENT",
			"board_from": "DONE",
			"actor": 6
		}
	},
	{
		"pk": 86,
		"model": "web.boardaction",
		"fields": {
			"date": "2012-01-16 05:00:25",
			"story": 25,
			"board_to": "REVIEW-TESTING",
			"board_from": "WAITING",
			"actor": 6
		}
	},
	{
		"pk": 87,
		"model": "web.boardaction",
		"fields": {
			"date": "2012-01-16 05:01:04",
			"story": 26,
			"board_to": "DEVELOPMENT",
			"board_from": "WAITING",
			"actor": 6
		}
	},
	{
		"pk": 88,
		"model": "web.boardaction",
		"fields": {
			"date": "2012-01-16 05:02:47",
			"story": 70,
			"board_to": "DONE",
			"board_from": "REVIEW-TESTING",
			"actor": 6
		}
	},
	{
		"pk": 89,
		"model": "web.boardaction",
		"fields": {
			"date": "2012-01-16 13:31:35",
			"story": 33,
			"board_to": "REVIEW-TESTING",
			"board_from": "DEVELOPMENT",
			"actor": 8
		}
	},
	{
		"pk": 90,
		"model": "web.boardaction",
		"fields": {
			"date": "2012-01-16 13:31:39",
			"story": 34,
			"board_to": "REVIEW-TESTING",
			"board_from": "DEVELOPMENT",
			"actor": 8
		}
	},
	{
		"pk": 91,
		"model": "web.boardaction",
		"fields": {
			"date": "2012-01-17 02:32:37",
			"story": 66,
			"board_to": "DEVELOPMENT",
			"board_from": "WAITING",
			"actor": 6
		}
	},
	{
		"pk": 92,
		"model": "web.boardaction",
		"fields": {
			"date": "2012-01-17 04:07:34",
			"story": 41,
			"board_to": "DEVELOPMENT",
			"board_from": "WAITING",
			"actor": 8
		}
	},
	{
		"pk": 93,
		"model": "web.boardaction",
		"fields": {
			"date": "2012-01-17 07:20:21",
			"story": 43,
			"board_to": "DEVELOPMENT",
			"board_from": "WAITING",
			"actor": 6
		}
	},
	{
		"pk": 94,
		"model": "web.boardaction",
		"fields": {
			"date": "2012-01-17 08:56:47",
			"story": 9,
			"board_to": "DEVELOPMENT",
			"board_from": "WAITING",
			"actor": 6
		}
	},
	{
		"pk": 95,
		"model": "web.boardaction",
		"fields": {
			"date": "2012-01-17 08:57:06",
			"story": 26,
			"board_to": "WAITING",
			"board_from": "DEVELOPMENT",
			"actor": 6
		}
	},
	{
		"pk": 96,
		"model": "web.boardaction",
		"fields": {
			"date": "2012-01-17 08:57:12",
			"story": 23,
			"board_to": "DEVELOPMENT",
			"board_from": "WAITING",
			"actor": 6
		}
	},
	{
		"pk": 97,
		"model": "web.boardaction",
		"fields": {
			"date": "2012-01-17 08:57:25",
			"story": 13,
			"board_to": "REVIEW-TESTING",
			"board_from": "DEVELOPMENT",
			"actor": 6
		}
	},
	{
		"pk": 98,
		"model": "web.boardaction",
		"fields": {
			"date": "2012-01-17 08:57:36",
			"story": 9,
			"board_to": "REVIEW-TESTING",
			"board_from": "DEVELOPMENT",
			"actor": 6
		}
	},
	{
		"pk": 99,
		"model": "web.boardaction",
		"fields": {
			"date": "2012-01-18 03:55:15",
			"story": 9,
			"board_to": "DONE",
			"board_from": "REVIEW-TESTING",
			"actor": 5
		}
	},
	{
		"pk": 100,
		"model": "web.boardaction",
		"fields": {
			"date": "2012-01-18 03:55:17",
			"story": 25,
			"board_to": "DONE",
			"board_from": "REVIEW-TESTING",
			"actor": 5
		}
	},
	{
		"pk": 101,
		"model": "web.boardaction",
		"fields": {
			"date": "2012-01-18 03:55:18",
			"story": 13,
			"board_to": "DONE",
			"board_from": "REVIEW-TESTING",
			"actor": 5
		}
	},
	{
		"pk": 102,
		"model": "web.boardaction",
		"fields": {
			"date": "2012-01-18 04:36:03",
			"story": 28,
			"board_to": "DEVELOPMENT",
			"board_from": "WAITING",
			"actor": 6
		}
	},
	{
		"pk": 103,
		"model": "web.boardaction",
		"fields": {
			"date": "2012-01-18 04:37:24",
			"story": 43,
			"board_to": "DONE",
			"board_from": "DEVELOPMENT",
			"actor": 6
		}
	},
	{
		"pk": 104,
		"model": "web.boardaction",
		"fields": {
			"date": "2012-01-18 04:37:54",
			"story": 48,
			"board_to": "DONE",
			"board_from": "DEVELOPMENT",
			"actor": 6
		}
	},
	{
		"pk": 105,
		"model": "web.boardaction",
		"fields": {
			"date": "2012-01-18 04:38:04",
			"story": 35,
			"board_to": "REVIEW-TESTING",
			"board_from": "DEVELOPMENT",
			"actor": 6
		}
	},
	{
		"pk": 106,
		"model": "web.boardaction",
		"fields": {
			"date": "2012-01-19 04:19:16",
			"story": 5,
			"board_to": "DONE",
			"board_from": "DEVELOPMENT",
			"actor": 6
		}
	},
	{
		"pk": 107,
		"model": "web.boardaction",
		"fields": {
			"date": "2012-01-19 04:19:21",
			"story": 66,
			"board_to": "DONE",
			"board_from": "DEVELOPMENT",
			"actor": 6
		}
	},
	{
		"pk": 108,
		"model": "web.boardaction",
		"fields": {
			"date": "2012-01-19 04:20:13",
			"story": 23,
			"board_to": "REVIEW-TESTING",
			"board_from": "DEVELOPMENT",
			"actor": 6
		}
	},
	{
		"pk": 109,
		"model": "web.boardaction",
		"fields": {
			"date": "2012-01-19 04:20:17",
			"story": 28,
			"board_to": "DONE",
			"board_from": "DEVELOPMENT",
			"actor": 6
		}
	},
	{
		"pk": 110,
		"model": "web.boardaction",
		"fields": {
			"date": "2012-01-19 04:20:55",
			"story": 41,
			"board_to": "REVIEW-TESTING",
			"board_from": "DEVELOPMENT",
			"actor": 6
		}
	},
	{
		"pk": 111,
		"model": "web.boardaction",
		"fields": {
			"date": "2012-01-19 04:21:47",
			"story": 37,
			"board_to": "DONE",
			"board_from": "REVIEW-TESTING",
			"actor": 6
		}
	},
	{
		"pk": 112,
		"model": "web.boardaction",
		"fields": {
			"date": "2012-01-19 04:21:52",
			"story": 71,
			"board_to": "DONE",
			"board_from": "REVIEW-TESTING",
			"actor": 6
		}
	},
	{
		"pk": 113,
		"model": "web.boardaction",
		"fields": {
			"date": "2012-01-19 04:22:07",
			"story": 5,
			"board_to": "REVIEW-TESTING",
			"board_from": "DONE",
			"actor": 6
		}
	},
	{
		"pk": 114,
		"model": "web.boardaction",
		"fields": {
			"date": "2012-01-19 04:22:49",
			"story": 35,
			"board_to": "DONE",
			"board_from": "REVIEW-TESTING",
			"actor": 6
		}
	},
	{
		"pk": 115,
		"model": "web.boardaction",
		"fields": {
			"date": "2012-01-20 03:38:51",
			"story": 104,
			"board_to": "DEVELOPMENT",
			"board_from": "WAITING",
			"actor": 16
		}
	},
	{
		"pk": 116,
		"model": "web.boardaction",
		"fields": {
			"date": "2012-01-23 02:04:57",
			"story": 110,
			"board_to": "DEVELOPMENT",
			"board_from": "WAITING",
			"actor": 17
		}
	},
	{
		"pk": 117,
		"model": "web.boardaction",
		"fields": {
			"date": "2012-01-23 02:05:02",
			"story": 110,
			"board_to": "REVIEW-TESTING",
			"board_from": "DEVELOPMENT",
			"actor": 17
		}
	},
	{
		"pk": 118,
		"model": "web.boardaction",
		"fields": {
			"date": "2012-01-23 02:05:47",
			"story": 109,
			"board_to": "DEVELOPMENT",
			"board_from": "WAITING",
			"actor": 17
		}
	},
	{
		"pk": 119,
		"model": "web.boardaction",
		"fields": {
			"date": "2012-01-23 04:16:59",
			"story": 86,
			"board_to": "DEVELOPMENT",
			"board_from": "WAITING",
			"actor": 5
		}
	},
	{
		"pk": 120,
		"model": "web.boardaction",
		"fields": {
			"date": "2012-01-23 04:17:22",
			"story": 94,
			"board_to": "DEVELOPMENT",
			"board_from": "WAITING",
			"actor": 5
		}
	},
	{
		"pk": 121,
		"model": "web.boardaction",
		"fields": {
			"date": "2012-01-23 04:21:40",
			"story": 103,
			"board_to": "DEVELOPMENT",
			"board_from": "WAITING",
			"actor": 8
		}
	},
	{
		"pk": 122,
		"model": "web.boardaction",
		"fields": {
			"date": "2012-01-23 07:12:55",
			"story": 93,
			"board_to": "DEVELOPMENT",
			"board_from": "WAITING",
			"actor": 7
		}
	},
	{
		"pk": 123,
		"model": "web.boardaction",
		"fields": {
			"date": "2012-01-23 07:12:59",
			"story": 97,
			"board_to": "DEVELOPMENT",
			"board_from": "WAITING",
			"actor": 7
		}
	},
	{
		"pk": 124,
		"model": "web.boardaction",
		"fields": {
			"date": "2012-01-23 07:13:11",
			"story": 96,
			"board_to": "DEVELOPMENT",
			"board_from": "WAITING",
			"actor": 7
		}
	},
	{
		"pk": 125,
		"model": "web.boardaction",
		"fields": {
			"date": "2012-01-23 07:14:33",
			"story": 85,
			"board_to": "REVIEW-TESTING",
			"board_from": "WAITING",
			"actor": 17
		}
	},
	{
		"pk": 126,
		"model": "web.boardaction",
		"fields": {
			"date": "2012-01-23 07:14:40",
			"story": 111,
			"board_to": "REVIEW-TESTING",
			"board_from": "WAITING",
			"actor": 17
		}
	},
	{
		"pk": 127,
		"model": "web.boardaction",
		"fields": {
			"date": "2012-01-23 07:14:44",
			"story": 112,
			"board_to": "REVIEW-TESTING",
			"board_from": "WAITING",
			"actor": 17
		}
	},
	{
		"pk": 128,
		"model": "web.boardaction",
		"fields": {
			"date": "2012-01-23 07:14:50",
			"story": 115,
			"board_to": "REVIEW-TESTING",
			"board_from": "WAITING",
			"actor": 17
		}
	},
	{
		"pk": 129,
		"model": "web.boardaction",
		"fields": {
			"date": "2012-01-23 07:15:09",
			"story": 113,
			"board_to": "REVIEW-TESTING",
			"board_from": "WAITING",
			"actor": 17
		}
	},
	{
		"pk": 130,
		"model": "web.boardaction",
		"fields": {
			"date": "2012-01-23 07:15:17",
			"story": 114,
			"board_to": "DONE",
			"board_from": "WAITING",
			"actor": 17
		}
	},
	{
		"pk": 131,
		"model": "web.boardaction",
		"fields": {
			"date": "2012-01-23 08:59:20",
			"story": 128,
			"board_to": "FIRE",
			"board_from": "WAITING",
			"actor": 10
		}
	},
	{
		"pk": 132,
		"model": "web.boardaction",
		"fields": {
			"date": "2012-01-24 03:35:15",
			"story": 105,
			"board_to": "DEVELOPMENT",
			"board_from": "WAITING",
			"actor": 16
		}
	},
	{
		"pk": 133,
		"model": "web.boardaction",
		"fields": {
			"date": "2012-01-24 04:33:09",
			"story": 105,
			"board_to": "DONE",
			"board_from": "DEVELOPMENT",
			"actor": 16
		}
	},
	{
		"pk": 134,
		"model": "web.boardaction",
		"fields": {
			"date": "2012-01-24 05:08:24",
			"story": 95,
			"board_to": "DEVELOPMENT",
			"board_from": "WAITING",
			"actor": 7
		}
	},
	{
		"pk": 135,
		"model": "web.boardaction",
		"fields": {
			"date": "2012-01-24 07:11:42",
			"story": 87,
			"board_to": "DEVELOPMENT",
			"board_from": "WAITING",
			"actor": 17
		}
	},
	{
		"pk": 136,
		"model": "web.boardaction",
		"fields": {
			"date": "2012-01-24 10:32:24",
			"story": 119,
			"board_to": "DEVELOPMENT",
			"board_from": "WAITING",
			"actor": 8
		}
	},
	{
		"pk": 137,
		"model": "web.boardaction",
		"fields": {
			"date": "2012-01-24 10:32:50",
			"story": 103,
			"board_to": "REVIEW-TESTING",
			"board_from": "DEVELOPMENT",
			"actor": 8
		}
	},
	{
		"pk": 138,
		"model": "web.boardaction",
		"fields": {
			"date": "2012-01-25 03:38:20",
			"story": 129,
			"board_to": "DEVELOPMENT",
			"board_from": "WAITING",
			"actor": 16
		}
	},
	{
		"pk": 139,
		"model": "web.boardaction",
		"fields": {
			"date": "2012-01-25 03:38:33",
			"story": 92,
			"board_to": "REVIEW-TESTING",
			"board_from": "WAITING",
			"actor": 6
		}
	},
	{
		"pk": 140,
		"model": "web.boardaction",
		"fields": {
			"date": "2012-01-25 07:12:02",
			"story": 97,
			"board_to": "REVIEW-TESTING",
			"board_from": "DEVELOPMENT",
			"actor": 7
		}
	},
	{
		"pk": 141,
		"model": "web.boardaction",
		"fields": {
			"date": "2012-01-25 07:47:49",
			"story": 93,
			"board_to": "REVIEW-TESTING",
			"board_from": "DEVELOPMENT",
			"actor": 5
		}
	},
	{
		"pk": 142,
		"model": "web.boardaction",
		"fields": {
			"date": "2012-01-25 07:54:51",
			"story": 110,
			"board_to": "DONE",
			"board_from": "REVIEW-TESTING",
			"actor": 17
		}
	},
	{
		"pk": 143,
		"model": "web.boardaction",
		"fields": {
			"date": "2012-01-25 10:28:01",
			"story": 111,
			"board_to": "DONE",
			"board_from": "REVIEW-TESTING",
			"actor": 3
		}
	},
	{
		"pk": 144,
		"model": "web.boardaction",
		"fields": {
			"date": "2012-01-26 03:25:37",
			"story": 94,
			"board_to": "REVIEW-TESTING",
			"board_from": "DEVELOPMENT",
			"actor": 5
		}
	},
	{
		"pk": 145,
		"model": "web.boardaction",
		"fields": {
			"date": "2012-01-26 03:25:47",
			"story": 88,
			"board_to": "DEVELOPMENT",
			"board_from": "WAITING",
			"actor": 5
		}
	},
	{
		"pk": 146,
		"model": "web.boardaction",
		"fields": {
			"date": "2012-01-26 03:28:27",
			"story": 86,
			"board_to": "DEVELOPMENT",
			"board_from": "WAITING",
			"actor": 5
		}
	},
	{
		"pk": 147,
		"model": "web.boardaction",
		"fields": {
			"date": "2012-01-26 03:46:47",
			"story": 115,
			"board_to": "DONE",
			"board_from": "REVIEW-TESTING",
			"actor": 3
		}
	},
	{
		"pk": 148,
		"model": "web.boardaction",
		"fields": {
			"date": "2012-01-26 03:52:04",
			"story": 113,
			"board_to": "DONE",
			"board_from": "REVIEW-TESTING",
			"actor": 3
		}
	},
	{
		"pk": 149,
		"model": "web.boardaction",
		"fields": {
			"date": "2012-01-26 04:10:14",
			"story": 119,
			"board_to": "REVIEW-TESTING",
			"board_from": "DEVELOPMENT",
			"actor": 5
		}
	},
	{
		"pk": 150,
		"model": "web.boardaction",
		"fields": {
			"date": "2012-01-26 04:12:02",
			"story": 97,
			"board_to": "DONE",
			"board_from": "REVIEW-TESTING",
			"actor": 5
		}
	},
	{
		"pk": 151,
		"model": "web.boardaction",
		"fields": {
			"date": "2012-01-26 09:02:43",
			"story": 87,
			"board_to": "DONE",
			"board_from": "DEVELOPMENT",
			"actor": 17
		}
	},
	{
		"pk": 152,
		"model": "web.boardaction",
		"fields": {
			"date": "2012-01-26 09:49:24",
			"story": 101,
			"board_to": "DEVELOPMENT",
			"board_from": "WAITING",
			"actor": 8
		}
	},
	{
		"pk": 153,
		"model": "web.boardaction",
		"fields": {
			"date": "2012-01-27 03:31:21",
			"story": 85,
			"board_to": "DONE",
			"board_from": "REVIEW-TESTING",
			"actor": 5
		}
	},
	{
		"pk": 154,
		"model": "web.boardaction",
		"fields": {
			"date": "2012-01-27 03:31:24",
			"story": 94,
			"board_to": "DONE",
			"board_from": "REVIEW-TESTING",
			"actor": 5
		}
	},
	{
		"pk": 155,
		"model": "web.boardaction",
		"fields": {
			"date": "2012-01-27 03:31:38",
			"story": 93,
			"board_to": "DONE",
			"board_from": "REVIEW-TESTING",
			"actor": 5
		}
	},
	{
		"pk": 156,
		"model": "web.boardaction",
		"fields": {
			"date": "2012-01-27 03:31:44",
			"story": 104,
			"board_to": "DONE",
			"board_from": "DEVELOPMENT",
			"actor": 5
		}
	},
	{
		"pk": 157,
		"model": "web.boardaction",
		"fields": {
			"date": "2012-01-27 04:59:53",
			"story": 108,
			"board_to": "DEVELOPMENT",
			"board_from": "WAITING",
			"actor": 6
		}
	},
	{
		"pk": 158,
		"model": "web.boardaction",
		"fields": {
			"date": "2012-01-30 09:40:58",
			"story": 117,
			"board_to": "DEVELOPMENT",
			"board_from": "WAITING",
			"actor": 9
		}
	},
	{
		"pk": 159,
		"model": "web.boardaction",
		"fields": {
			"date": "2012-01-30 11:01:32",
			"story": 95,
			"board_to": "REVIEW-TESTING",
			"board_from": "DEVELOPMENT",
			"actor": 8
		}
	},
	{
		"pk": 160,
		"model": "web.boardaction",
		"fields": {
			"date": "2012-01-30 13:29:36",
			"story": 101,
			"board_to": "REVIEW-TESTING",
			"board_from": "DEVELOPMENT",
			"actor": 8
		}
	},
	{
		"pk": 161,
		"model": "web.boardaction",
		"fields": {
			"date": "2012-01-31 03:26:17",
			"story": 106,
			"board_to": "DEVELOPMENT",
			"board_from": "WAITING",
			"actor": 6
		}
	},
	{
		"pk": 162,
		"model": "web.boardaction",
		"fields": {
			"date": "2012-01-31 03:27:21",
			"story": 124,
			"board_to": "DEVELOPMENT",
			"board_from": "WAITING",
			"actor": 6
		}
	},
	{
		"pk": 163,
		"model": "web.boardaction",
		"fields": {
			"date": "2012-01-31 03:51:10",
			"story": 129,
			"board_to": "FIRE",
			"board_from": "DEVELOPMENT",
			"actor": 16
		}
	},
	{
		"pk": 164,
		"model": "web.boardaction",
		"fields": {
			"date": "2012-01-31 03:53:10",
			"story": 129,
			"board_to": "FIRE",
			"board_from": "WAITING",
			"actor": 16
		}
	},
	{
		"pk": 165,
		"model": "web.boardaction",
		"fields": {
			"date": "2012-01-31 03:53:39",
			"story": 106,
			"board_to": "REVIEW-TESTING",
			"board_from": "DEVELOPMENT",
			"actor": 16
		}
	},
	{
		"pk": 166,
		"model": "web.boardaction",
		"fields": {
			"date": "2012-01-31 03:54:27",
			"story": 89,
			"board_to": "DEVELOPMENT",
			"board_from": "WAITING",
			"actor": 6
		}
	},
	{
		"pk": 167,
		"model": "web.boardaction",
		"fields": {
			"date": "2012-01-31 05:05:14",
			"story": 121,
			"board_to": "DEVELOPMENT",
			"board_from": "WAITING",
			"actor": 16
		}
	},
	{
		"pk": 168,
		"model": "web.boardaction",
		"fields": {
			"date": "2012-01-31 06:02:40",
			"story": 127,
			"board_to": "DEVELOPMENT",
			"board_from": "WAITING",
			"actor": 10
		}
	},
	{
		"pk": 169,
		"model": "web.boardaction",
		"fields": {
			"date": "2012-01-31 06:02:45",
			"story": 86,
			"board_to": "REVIEW-TESTING",
			"board_from": "DEVELOPMENT",
			"actor": 10
		}
	},
	{
		"pk": 170,
		"model": "web.boardaction",
		"fields": {
			"date": "2012-01-31 08:41:02",
			"story": 98,
			"board_to": "DEVELOPMENT",
			"board_from": "WAITING",
			"actor": 8
		}
	},
	{
		"pk": 171,
		"model": "web.boardaction",
		"fields": {
			"date": "2012-02-01 02:40:57",
			"story": 95,
			"board_to": "DONE",
			"board_from": "REVIEW-TESTING",
			"actor": 8
		}
	},
	{
		"pk": 172,
		"model": "web.boardaction",
		"fields": {
			"date": "2012-02-01 02:43:07",
			"story": 121,
			"board_to": "DONE",
			"board_from": "DEVELOPMENT",
			"actor": 16
		}
	},
	{
		"pk": 173,
		"model": "web.boardaction",
		"fields": {
			"date": "2012-02-01 02:43:18",
			"story": 106,
			"board_to": "DONE",
			"board_from": "REVIEW-TESTING",
			"actor": 16
		}
	},
	{
		"pk": 174,
		"model": "web.boardaction",
		"fields": {
			"date": "2012-02-01 04:14:46",
			"story": 119,
			"board_to": "DONE",
			"board_from": "REVIEW-TESTING",
			"actor": 8
		}
	},
	{
		"pk": 175,
		"model": "web.boardaction",
		"fields": {
			"date": "2012-02-01 04:35:45",
			"story": 96,
			"board_to": "REVIEW-TESTING",
			"board_from": "DEVELOPMENT",
			"actor": 6
		}
	},
	{
		"pk": 176,
		"model": "web.boardaction",
		"fields": {
			"date": "2012-02-01 04:36:58",
			"story": 85,
			"board_to": "DEVELOPMENT",
			"board_from": "DONE",
			"actor": 6
		}
	},
	{
		"pk": 177,
		"model": "web.boardaction",
		"fields": {
			"date": "2012-02-01 04:38:41",
			"story": 112,
			"board_to": "DONE",
			"board_from": "REVIEW-TESTING",
			"actor": 3
		}
	},
	{
		"pk": 178,
		"model": "web.boardaction",
		"fields": {
			"date": "2012-02-01 06:45:24",
			"story": 101,
			"board_to": "DONE",
			"board_from": "REVIEW-TESTING",
			"actor": 8
		}
	},
	{
		"pk": 179,
		"model": "web.boardaction",
		"fields": {
			"date": "2012-02-01 06:45:42",
			"story": 117,
			"board_to": "DONE",
			"board_from": "DEVELOPMENT",
			"actor": 8
		}
	},
	{
		"pk": 180,
		"model": "web.boardaction",
		"fields": {
			"date": "2012-02-01 08:12:51",
			"story": 131,
			"board_to": "FIRE",
			"board_from": "WAITING",
			"actor": 6
		}
	},
	{
		"pk": 181,
		"model": "web.boardaction",
		"fields": {
			"date": "2012-02-01 12:21:24",
			"story": 100,
			"board_to": "DONE",
			"board_from": "WAITING",
			"actor": 8
		}
	},
	{
		"pk": 182,
		"model": "web.boardaction",
		"fields": {
			"date": "2012-02-01 12:30:54",
			"story": 122,
			"board_to": "DONE",
			"board_from": "WAITING",
			"actor": 16
		}
	},
	{
		"pk": 183,
		"model": "web.boardaction",
		"fields": {
			"date": "2012-02-01 12:31:07",
			"story": 108,
			"board_to": "DONE",
			"board_from": "DEVELOPMENT",
			"actor": 16
		}
	},
	{
		"pk": 184,
		"model": "web.boardaction",
		"fields": {
			"date": "2012-02-01 12:31:40",
			"story": 108,
			"board_to": "REVIEW-TESTING",
			"board_from": "DONE",
			"actor": 16
		}
	},
	{
		"pk": 185,
		"model": "web.boardaction",
		"fields": {
			"date": "2012-02-01 12:34:32",
			"story": 108,
			"board_to": "DONE",
			"board_from": "REVIEW-TESTING",
			"actor": 16
		}
	},
	{
		"pk": 186,
		"model": "web.boardaction",
		"fields": {
			"date": "2012-02-02 04:22:09",
			"story": 89,
			"board_to": "REVIEW-TESTING",
			"board_from": "DEVELOPMENT",
			"actor": 6
		}
	},
	{
		"pk": 187,
		"model": "web.boardaction",
		"fields": {
			"date": "2012-02-02 04:22:13",
			"story": 88,
			"board_to": "REVIEW-TESTING",
			"board_from": "DEVELOPMENT",
			"actor": 6
		}
	},
	{
		"pk": 188,
		"model": "web.boardaction",
		"fields": {
			"date": "2012-02-02 04:22:19",
			"story": 98,
			"board_to": "REVIEW-TESTING",
			"board_from": "DEVELOPMENT",
			"actor": 6
		}
	},
	{
		"pk": 189,
		"model": "web.boardaction",
		"fields": {
			"date": "2012-02-02 04:22:24",
			"story": 109,
			"board_to": "DONE",
			"board_from": "DEVELOPMENT",
			"actor": 6
		}
	},
	{
		"pk": 190,
		"model": "web.boardaction",
		"fields": {
			"date": "2012-02-02 04:22:53",
			"story": 92,
			"board_to": "DEVELOPMENT",
			"board_from": "REVIEW-TESTING",
			"actor": 6
		}
	},
	{
		"pk": 191,
		"model": "web.boardaction",
		"fields": {
			"date": "2012-02-02 04:22:59",
			"story": 92,
			"board_to": "REVIEW-TESTING",
			"board_from": "DEVELOPMENT",
			"actor": 6
		}
	},
	{
		"pk": 192,
		"model": "web.boardaction",
		"fields": {
			"date": "2012-02-02 04:23:27",
			"story": 88,
			"board_to": "DEVELOPMENT",
			"board_from": "REVIEW-TESTING",
			"actor": 6
		}
	},
	{
		"pk": 193,
		"model": "web.boardaction",
		"fields": {
			"date": "2012-02-02 04:23:41",
			"story": 96,
			"board_to": "DONE",
			"board_from": "REVIEW-TESTING",
			"actor": 6
		}
	},
	{
		"pk": 194,
		"model": "web.boardaction",
		"fields": {
			"date": "2012-02-02 04:23:52",
			"story": 100,
			"board_to": "REVIEW-TESTING",
			"board_from": "DONE",
			"actor": 6
		}
	},
	{
		"pk": 195,
		"model": "web.boardaction",
		"fields": {
			"date": "2012-02-03 02:34:06",
			"story": 140,
			"board_to": "DEVELOPMENT",
			"board_from": "WAITING",
			"actor": 11
		}
	},
	{
		"pk": 196,
		"model": "web.boardaction",
		"fields": {
			"date": "2012-02-06 07:04:13",
			"story": 145,
			"board_to": "DONE",
			"board_from": "WAITING",
			"actor": 8
		}
	},
	{
		"pk": 197,
		"model": "web.boardaction",
		"fields": {
			"date": "2012-02-06 07:04:19",
			"story": 164,
			"board_to": "REVIEW-TESTING",
			"board_from": "WAITING",
			"actor": 8
		}
	},
	{
		"pk": 198,
		"model": "web.boardaction",
		"fields": {
			"date": "2012-02-06 07:05:08",
			"story": 169,
			"board_to": "DONE",
			"board_from": "WAITING",
			"actor": 8
		}
	},
	{
		"pk": 199,
		"model": "web.boardaction",
		"fields": {
			"date": "2012-02-06 07:05:15",
			"story": 169,
			"board_to": "REVIEW-TESTING",
			"board_from": "DONE",
			"actor": 8
		}
	},
	{
		"pk": 200,
		"model": "web.boardaction",
		"fields": {
			"date": "2012-02-06 07:06:15",
			"story": 161,
			"board_to": "DONE",
			"board_from": "WAITING",
			"actor": 8
		}
	},
	{
		"pk": 201,
		"model": "web.boardaction",
		"fields": {
			"date": "2012-02-06 07:06:25",
			"story": 162,
			"board_to": "REVIEW-TESTING",
			"board_from": "WAITING",
			"actor": 8
		}
	},
	{
		"pk": 202,
		"model": "web.boardaction",
		"fields": {
			"date": "2012-02-06 07:07:05",
			"story": 146,
			"board_to": "DEVELOPMENT",
			"board_from": "WAITING",
			"actor": 8
		}
	},
	{
		"pk": 203,
		"model": "web.boardaction",
		"fields": {
			"date": "2012-02-06 08:01:48",
			"story": 164,
			"board_to": "DONE",
			"board_from": "REVIEW-TESTING",
			"actor": 8
		}
	},
	{
		"pk": 204,
		"model": "web.boardaction",
		"fields": {
			"date": "2012-02-07 03:04:52",
			"story": 107,
			"board_to": "DONE",
			"board_from": "WAITING",
			"actor": 16
		}
	},
	{
		"pk": 205,
		"model": "web.boardaction",
		"fields": {
			"date": "2012-02-07 03:05:11",
			"story": 148,
			"board_to": "DONE",
			"board_from": "WAITING",
			"actor": 16
		}
	},
	{
		"pk": 206,
		"model": "web.boardaction",
		"fields": {
			"date": "2012-02-07 03:46:18",
			"story": 157,
			"board_to": "DEVELOPMENT",
			"board_from": "WAITING",
			"actor": 16
		}
	},
	{
		"pk": 207,
		"model": "web.boardaction",
		"fields": {
			"date": "2012-02-07 07:32:44",
			"story": 132,
			"board_to": "DONE",
			"board_from": "WAITING",
			"actor": 17
		}
	},
	{
		"pk": 210,
		"model": "web.boardaction",
		"fields": {
			"date": "2012-02-09 05:04:48",
			"story": 173,
			"board_to": "DEVELOPMENT",
			"board_from": "WAITING",
			"actor": 10
		}
	},
	{
		"pk": 209,
		"model": "web.boardaction",
		"fields": {
			"date": "2012-02-07 10:58:40",
			"story": 157,
			"board_to": "DONE",
			"board_from": "DEVELOPMENT",
			"actor": 16
		}
	},
	{
		"pk": 1,
		"model": "web.storyaction",
		"fields": {
			"date": "2012-01-06 04:26:30",
			"action": "TO_WORKING",
			"task": 165,
			"actor": 10
		}
	},
	{
		"pk": 10,
		"model": "web.storyaction",
		"fields": {
			"date": "2012-01-06 10:51:10",
			"action": "TO_WAITING",
			"task": 166,
			"actor": 10
		}
	},
	{
		"pk": 9,
		"model": "web.storyaction",
		"fields": {
			"date": "2012-01-06 10:51:07",
			"action": "TO_CLOSED",
			"task": 166,
			"actor": 10
		}
	},
	{
		"pk": 8,
		"model": "web.storyaction",
		"fields": {
			"date": "2012-01-06 10:51:06",
			"action": "TO_WORKING",
			"task": 166,
			"actor": 10
		}
	},
	{
		"pk": 7,
		"model": "web.storyaction",
		"fields": {
			"date": "2012-01-06 10:50:48",
			"action": "TO_CLOSED",
			"task": 165,
			"actor": 10
		}
	},
	{
		"pk": 6,
		"model": "web.storyaction",
		"fields": {
			"date": "2012-01-06 04:33:13",
			"action": "TO_CLOSED",
			"task": 123,
			"actor": 16
		}
	},
	{
		"pk": 11,
		"model": "web.storyaction",
		"fields": {
			"date": "2012-01-06 10:51:10",
			"action": "TO_WORKING",
			"task": 166,
			"actor": 10
		}
	},
	{
		"pk": 12,
		"model": "web.storyaction",
		"fields": {
			"date": "2012-01-06 10:51:11",
			"action": "TO_CLOSED",
			"task": 166,
			"actor": 10
		}
	},
	{
		"pk": 13,
		"model": "web.storyaction",
		"fields": {
			"date": "2012-01-10 04:51:38",
			"action": "TO_WORKING",
			"task": 13,
			"actor": 10
		}
	},
	{
		"pk": 14,
		"model": "web.storyaction",
		"fields": {
			"date": "2012-01-10 06:41:07",
			"action": "TO_WORKING",
			"task": 123,
			"actor": 11
		}
	},
	{
		"pk": 15,
		"model": "web.storyaction",
		"fields": {
			"date": "2012-01-10 06:41:12",
			"action": "TO_CLOSED",
			"task": 123,
			"actor": 11
		}
	},
	{
		"pk": 16,
		"model": "web.storyaction",
		"fields": {
			"date": "2012-01-11 03:42:56",
			"action": "TO_CLOSED",
			"task": 11,
			"actor": 3
		}
	},
	{
		"pk": 17,
		"model": "web.storyaction",
		"fields": {
			"date": "2012-01-11 03:42:56",
			"action": "TO_CLOSED",
			"task": 12,
			"actor": 3
		}
	},
	{
		"pk": 18,
		"model": "web.storyaction",
		"fields": {
			"date": "2012-01-11 03:42:56",
			"action": "TO_CLOSED",
			"task": 13,
			"actor": 3
		}
	},
	{
		"pk": 19,
		"model": "web.storyaction",
		"fields": {
			"date": "2012-01-11 03:42:56",
			"action": "TO_CLOSED",
			"task": 14,
			"actor": 3
		}
	},
	{
		"pk": 20,
		"model": "web.storyaction",
		"fields": {
			"date": "2012-01-11 03:42:56",
			"action": "TO_CLOSED",
			"task": 15,
			"actor": 3
		}
	},
	{
		"pk": 21,
		"model": "web.storyaction",
		"fields": {
			"date": "2012-01-11 03:42:56",
			"action": "TO_CLOSED",
			"task": 16,
			"actor": 3
		}
	},
	{
		"pk": 22,
		"model": "web.storyaction",
		"fields": {
			"date": "2012-01-11 03:43:07",
			"action": "TO_WORKING",
			"task": 11,
			"actor": 3
		}
	},
	{
		"pk": 23,
		"model": "web.storyaction",
		"fields": {
			"date": "2012-01-11 03:43:07",
			"action": "TO_WORKING",
			"task": 12,
			"actor": 3
		}
	},
	{
		"pk": 24,
		"model": "web.storyaction",
		"fields": {
			"date": "2012-01-11 03:43:07",
			"action": "TO_WORKING",
			"task": 13,
			"actor": 3
		}
	},
	{
		"pk": 25,
		"model": "web.storyaction",
		"fields": {
			"date": "2012-01-11 03:43:07",
			"action": "TO_WORKING",
			"task": 14,
			"actor": 3
		}
	},
	{
		"pk": 26,
		"model": "web.storyaction",
		"fields": {
			"date": "2012-01-11 03:43:07",
			"action": "TO_WORKING",
			"task": 15,
			"actor": 3
		}
	},
	{
		"pk": 27,
		"model": "web.storyaction",
		"fields": {
			"date": "2012-01-11 03:43:07",
			"action": "TO_WORKING",
			"task": 16,
			"actor": 3
		}
	},
	{
		"pk": 28,
		"model": "web.storyaction",
		"fields": {
			"date": "2012-01-12 04:52:36",
			"action": "TO_CLOSED",
			"task": 181,
			"actor": 5
		}
	},
	{
		"pk": 29,
		"model": "web.storyaction",
		"fields": {
			"date": "2012-01-12 04:52:36",
			"action": "TO_CLOSED",
			"task": 185,
			"actor": 5
		}
	},
	{
		"pk": 30,
		"model": "web.storyaction",
		"fields": {
			"date": "2012-01-12 04:52:36",
			"action": "TO_CLOSED",
			"task": 184,
			"actor": 5
		}
	},
	{
		"pk": 31,
		"model": "web.storyaction",
		"fields": {
			"date": "2012-01-12 04:52:36",
			"action": "TO_CLOSED",
			"task": 183,
			"actor": 5
		}
	},
	{
		"pk": 32,
		"model": "web.storyaction",
		"fields": {
			"date": "2012-01-12 04:52:36",
			"action": "TO_CLOSED",
			"task": 182,
			"actor": 5
		}
	},
	{
		"pk": 33,
		"model": "web.storyaction",
		"fields": {
			"date": "2012-01-12 04:56:10",
			"action": "TO_CLOSED",
			"task": 188,
			"actor": 5
		}
	},
	{
		"pk": 34,
		"model": "web.storyaction",
		"fields": {
			"date": "2012-01-12 04:57:27",
			"action": "TO_CLOSED",
			"task": 17,
			"actor": 5
		}
	},
	{
		"pk": 35,
		"model": "web.storyaction",
		"fields": {
			"date": "2012-01-12 04:57:27",
			"action": "TO_CLOSED",
			"task": 18,
			"actor": 5
		}
	},
	{
		"pk": 36,
		"model": "web.storyaction",
		"fields": {
			"date": "2012-01-12 04:57:27",
			"action": "TO_CLOSED",
			"task": 19,
			"actor": 5
		}
	},
	{
		"pk": 37,
		"model": "web.storyaction",
		"fields": {
			"date": "2012-01-12 04:57:27",
			"action": "TO_CLOSED",
			"task": 20,
			"actor": 5
		}
	},
	{
		"pk": 38,
		"model": "web.storyaction",
		"fields": {
			"date": "2012-01-12 04:58:35",
			"action": "TO_CLOSED",
			"task": 117,
			"actor": 16
		}
	},
	{
		"pk": 39,
		"model": "web.storyaction",
		"fields": {
			"date": "2012-01-12 04:58:35",
			"action": "TO_CLOSED",
			"task": 118,
			"actor": 16
		}
	},
	{
		"pk": 40,
		"model": "web.storyaction",
		"fields": {
			"date": "2012-01-12 05:01:07",
			"action": "TO_CLOSED",
			"task": 189,
			"actor": 16
		}
	},
	{
		"pk": 41,
		"model": "web.storyaction",
		"fields": {
			"date": "2012-01-12 05:03:10",
			"action": "TO_CLOSED",
			"task": 187,
			"actor": 10
		}
	},
	{
		"pk": 42,
		"model": "web.storyaction",
		"fields": {
			"date": "2012-01-12 05:18:28",
			"action": "TO_CLOSED",
			"task": 114,
			"actor": 17
		}
	},
	{
		"pk": 43,
		"model": "web.storyaction",
		"fields": {
			"date": "2012-01-12 05:18:28",
			"action": "TO_CLOSED",
			"task": 115,
			"actor": 17
		}
	},
	{
		"pk": 44,
		"model": "web.storyaction",
		"fields": {
			"date": "2012-01-12 05:18:41",
			"action": "TO_CLOSED",
			"task": 111,
			"actor": 17
		}
	},
	{
		"pk": 45,
		"model": "web.storyaction",
		"fields": {
			"date": "2012-01-12 05:27:20",
			"action": "TO_WORKING",
			"task": 111,
			"actor": 17
		}
	},
	{
		"pk": 46,
		"model": "web.storyaction",
		"fields": {
			"date": "2012-01-12 05:27:24",
			"action": "TO_CLOSED",
			"task": 111,
			"actor": 17
		}
	},
	{
		"pk": 47,
		"model": "web.storyaction",
		"fields": {
			"date": "2012-01-12 10:39:44",
			"action": "TO_CLOSED",
			"task": 73,
			"actor": 8
		}
	},
	{
		"pk": 48,
		"model": "web.storyaction",
		"fields": {
			"date": "2012-01-12 10:39:44",
			"action": "TO_CLOSED",
			"task": 74,
			"actor": 8
		}
	},
	{
		"pk": 49,
		"model": "web.storyaction",
		"fields": {
			"date": "2012-01-12 18:42:19",
			"action": "TO_WORKING",
			"task": 86,
			"actor": 9
		}
	},
	{
		"pk": 50,
		"model": "web.storyaction",
		"fields": {
			"date": "2012-01-12 18:42:21",
			"action": "TO_CLOSED",
			"task": 86,
			"actor": 9
		}
	},
	{
		"pk": 51,
		"model": "web.storyaction",
		"fields": {
			"date": "2012-01-12 18:42:26",
			"action": "TO_WORKING",
			"task": 84,
			"actor": 9
		}
	},
	{
		"pk": 52,
		"model": "web.storyaction",
		"fields": {
			"date": "2012-01-12 18:42:28",
			"action": "TO_CLOSED",
			"task": 84,
			"actor": 9
		}
	},
	{
		"pk": 53,
		"model": "web.storyaction",
		"fields": {
			"date": "2012-01-12 18:42:31",
			"action": "TO_WORKING",
			"task": 85,
			"actor": 9
		}
	},
	{
		"pk": 54,
		"model": "web.storyaction",
		"fields": {
			"date": "2012-01-12 18:42:32",
			"action": "TO_CLOSED",
			"task": 85,
			"actor": 9
		}
	},
	{
		"pk": 55,
		"model": "web.storyaction",
		"fields": {
			"date": "2012-01-12 18:43:41",
			"action": "TO_WORKING",
			"task": 95,
			"actor": 9
		}
	},
	{
		"pk": 56,
		"model": "web.storyaction",
		"fields": {
			"date": "2012-01-12 18:43:43",
			"action": "TO_CLOSED",
			"task": 95,
			"actor": 9
		}
	},
	{
		"pk": 57,
		"model": "web.storyaction",
		"fields": {
			"date": "2012-01-13 03:27:19",
			"action": "TO_WORKING",
			"task": 8,
			"actor": 15
		}
	},
	{
		"pk": 58,
		"model": "web.storyaction",
		"fields": {
			"date": "2012-01-13 03:27:22",
			"action": "TO_WORKING",
			"task": 6,
			"actor": 15
		}
	},
	{
		"pk": 59,
		"model": "web.storyaction",
		"fields": {
			"date": "2012-01-13 03:27:34",
			"action": "TO_WORKING",
			"task": 9,
			"actor": 15
		}
	},
	{
		"pk": 60,
		"model": "web.storyaction",
		"fields": {
			"date": "2012-01-13 03:27:38",
			"action": "TO_CLOSED",
			"task": 9,
			"actor": 15
		}
	},
	{
		"pk": 61,
		"model": "web.storyaction",
		"fields": {
			"date": "2012-01-13 03:27:40",
			"action": "TO_WORKING",
			"task": 7,
			"actor": 15
		}
	},
	{
		"pk": 62,
		"model": "web.storyaction",
		"fields": {
			"date": "2012-01-13 03:27:41",
			"action": "TO_CLOSED",
			"task": 7,
			"actor": 15
		}
	},
	{
		"pk": 63,
		"model": "web.storyaction",
		"fields": {
			"date": "2012-01-13 03:27:46",
			"action": "TO_CLOSED",
			"task": 6,
			"actor": 15
		}
	},
	{
		"pk": 64,
		"model": "web.storyaction",
		"fields": {
			"date": "2012-01-13 03:27:47",
			"action": "TO_CLOSED",
			"task": 8,
			"actor": 15
		}
	},
	{
		"pk": 65,
		"model": "web.storyaction",
		"fields": {
			"date": "2012-01-13 03:27:52",
			"action": "TO_WAITING",
			"task": 8,
			"actor": 15
		}
	},
	{
		"pk": 66,
		"model": "web.storyaction",
		"fields": {
			"date": "2012-01-13 03:28:06",
			"action": "TO_WORKING",
			"task": 8,
			"actor": 15
		}
	},
	{
		"pk": 67,
		"model": "web.storyaction",
		"fields": {
			"date": "2012-01-13 03:28:08",
			"action": "TO_WORKING",
			"task": 10,
			"actor": 15
		}
	},
	{
		"pk": 68,
		"model": "web.storyaction",
		"fields": {
			"date": "2012-01-13 03:38:40",
			"action": "TO_WORKING",
			"task": 194,
			"actor": 15
		}
	},
	{
		"pk": 69,
		"model": "web.storyaction",
		"fields": {
			"date": "2012-01-13 03:38:43",
			"action": "TO_CLOSED",
			"task": 194,
			"actor": 15
		}
	},
	{
		"pk": 70,
		"model": "web.storyaction",
		"fields": {
			"date": "2012-01-13 04:57:01",
			"action": "TO_CLOSED",
			"task": 160,
			"actor": 15
		}
	},
	{
		"pk": 71,
		"model": "web.storyaction",
		"fields": {
			"date": "2012-01-13 04:57:01",
			"action": "TO_CLOSED",
			"task": 161,
			"actor": 15
		}
	},
	{
		"pk": 72,
		"model": "web.storyaction",
		"fields": {
			"date": "2012-01-13 04:57:01",
			"action": "TO_CLOSED",
			"task": 162,
			"actor": 15
		}
	},
	{
		"pk": 73,
		"model": "web.storyaction",
		"fields": {
			"date": "2012-01-13 06:21:51",
			"action": "TO_CLOSED",
			"task": 22,
			"actor": 10
		}
	},
	{
		"pk": 74,
		"model": "web.storyaction",
		"fields": {
			"date": "2012-01-13 06:22:00",
			"action": "TO_CLOSED",
			"task": 24,
			"actor": 10
		}
	},
	{
		"pk": 75,
		"model": "web.storyaction",
		"fields": {
			"date": "2012-01-13 06:22:00",
			"action": "TO_CLOSED",
			"task": 25,
			"actor": 10
		}
	},
	{
		"pk": 76,
		"model": "web.storyaction",
		"fields": {
			"date": "2012-01-13 06:22:05",
			"action": "TO_CLOSED",
			"task": 159,
			"actor": 10
		}
	},
	{
		"pk": 77,
		"model": "web.storyaction",
		"fields": {
			"date": "2012-01-13 06:22:05",
			"action": "TO_CLOSED",
			"task": 158,
			"actor": 10
		}
	},
	{
		"pk": 78,
		"model": "web.storyaction",
		"fields": {
			"date": "2012-01-13 06:22:13",
			"action": "TO_CLOSED",
			"task": 163,
			"actor": 10
		}
	},
	{
		"pk": 79,
		"model": "web.storyaction",
		"fields": {
			"date": "2012-01-13 06:22:13",
			"action": "TO_CLOSED",
			"task": 164,
			"actor": 10
		}
	},
	{
		"pk": 80,
		"model": "web.storyaction",
		"fields": {
			"date": "2012-01-13 08:30:47",
			"action": "TO_CLOSED",
			"task": 109,
			"actor": 17
		}
	},
	{
		"pk": 81,
		"model": "web.storyaction",
		"fields": {
			"date": "2012-01-13 09:32:48",
			"action": "TO_CLOSED",
			"task": 192,
			"actor": 8
		}
	},
	{
		"pk": 82,
		"model": "web.storyaction",
		"fields": {
			"date": "2012-01-13 09:32:59",
			"action": "TO_CLOSED",
			"task": 191,
			"actor": 8
		}
	},
	{
		"pk": 83,
		"model": "web.storyaction",
		"fields": {
			"date": "2012-01-13 10:11:25",
			"action": "TO_CLOSED",
			"task": 45,
			"actor": 11
		}
	},
	{
		"pk": 84,
		"model": "web.storyaction",
		"fields": {
			"date": "2012-01-13 10:11:25",
			"action": "TO_CLOSED",
			"task": 46,
			"actor": 11
		}
	},
	{
		"pk": 85,
		"model": "web.storyaction",
		"fields": {
			"date": "2012-01-13 10:11:53",
			"action": "TO_CLOSED",
			"task": 3,
			"actor": 11
		}
	},
	{
		"pk": 86,
		"model": "web.storyaction",
		"fields": {
			"date": "2012-01-13 10:11:53",
			"action": "TO_CLOSED",
			"task": 4,
			"actor": 11
		}
	},
	{
		"pk": 87,
		"model": "web.storyaction",
		"fields": {
			"date": "2012-01-13 10:11:53",
			"action": "TO_CLOSED",
			"task": 5,
			"actor": 11
		}
	},
	{
		"pk": 88,
		"model": "web.storyaction",
		"fields": {
			"date": "2012-01-16 04:00:04",
			"action": "TO_CLOSED",
			"task": 13,
			"actor": 10
		}
	},
	{
		"pk": 89,
		"model": "web.storyaction",
		"fields": {
			"date": "2012-01-16 04:52:34",
			"action": "TO_CLOSED",
			"task": 180,
			"actor": 6
		}
	},
	{
		"pk": 90,
		"model": "web.storyaction",
		"fields": {
			"date": "2012-01-16 04:52:49",
			"action": "TO_CLOSED",
			"task": 186,
			"actor": 6
		}
	},
	{
		"pk": 91,
		"model": "web.storyaction",
		"fields": {
			"date": "2012-01-16 04:53:18",
			"action": "TO_CLOSED",
			"task": 190,
			"actor": 6
		}
	},
	{
		"pk": 92,
		"model": "web.storyaction",
		"fields": {
			"date": "2012-01-16 04:53:38",
			"action": "TO_CLOSED",
			"task": 104,
			"actor": 6
		}
	},
	{
		"pk": 93,
		"model": "web.storyaction",
		"fields": {
			"date": "2012-01-16 04:58:49",
			"action": "TO_WORKING",
			"task": 163,
			"actor": 6
		}
	},
	{
		"pk": 94,
		"model": "web.storyaction",
		"fields": {
			"date": "2012-01-16 04:58:49",
			"action": "TO_WORKING",
			"task": 164,
			"actor": 6
		}
	},
	{
		"pk": 95,
		"model": "web.storyaction",
		"fields": {
			"date": "2012-01-16 04:58:49",
			"action": "TO_WORKING",
			"task": 165,
			"actor": 6
		}
	},
	{
		"pk": 96,
		"model": "web.storyaction",
		"fields": {
			"date": "2012-01-16 04:58:49",
			"action": "TO_WORKING",
			"task": 166,
			"actor": 6
		}
	},
	{
		"pk": 97,
		"model": "web.storyaction",
		"fields": {
			"date": "2012-01-16 04:59:02",
			"action": "TO_WORKING",
			"task": 159,
			"actor": 6
		}
	},
	{
		"pk": 98,
		"model": "web.storyaction",
		"fields": {
			"date": "2012-01-16 04:59:02",
			"action": "TO_WORKING",
			"task": 158,
			"actor": 6
		}
	},
	{
		"pk": 99,
		"model": "web.storyaction",
		"fields": {
			"date": "2012-01-16 05:02:47",
			"action": "TO_CLOSED",
			"task": 138,
			"actor": 6
		}
	},
	{
		"pk": 100,
		"model": "web.storyaction",
		"fields": {
			"date": "2012-01-17 21:51:55",
			"action": "TO_WORKING",
			"task": 79,
			"actor": 9
		}
	},
	{
		"pk": 101,
		"model": "web.storyaction",
		"fields": {
			"date": "2012-01-17 21:51:59",
			"action": "TO_CLOSED",
			"task": 79,
			"actor": 9
		}
	},
	{
		"pk": 102,
		"model": "web.storyaction",
		"fields": {
			"date": "2012-01-17 21:52:03",
			"action": "TO_WORKING",
			"task": 80,
			"actor": 9
		}
	},
	{
		"pk": 103,
		"model": "web.storyaction",
		"fields": {
			"date": "2012-01-17 21:52:05",
			"action": "TO_CLOSED",
			"task": 80,
			"actor": 9
		}
	},
	{
		"pk": 104,
		"model": "web.storyaction",
		"fields": {
			"date": "2012-01-17 21:52:08",
			"action": "TO_WORKING",
			"task": 81,
			"actor": 9
		}
	},
	{
		"pk": 105,
		"model": "web.storyaction",
		"fields": {
			"date": "2012-01-17 21:52:09",
			"action": "TO_CLOSED",
			"task": 81,
			"actor": 9
		}
	},
	{
		"pk": 106,
		"model": "web.storyaction",
		"fields": {
			"date": "2012-01-17 21:52:26",
			"action": "TO_WORKING",
			"task": 82,
			"actor": 9
		}
	},
	{
		"pk": 107,
		"model": "web.storyaction",
		"fields": {
			"date": "2012-01-17 21:52:49",
			"action": "TO_WORKING",
			"task": 87,
			"actor": 9
		}
	},
	{
		"pk": 108,
		"model": "web.storyaction",
		"fields": {
			"date": "2012-01-17 21:53:00",
			"action": "TO_WORKING",
			"task": 96,
			"actor": 9
		}
	},
	{
		"pk": 109,
		"model": "web.storyaction",
		"fields": {
			"date": "2012-01-17 21:53:01",
			"action": "TO_CLOSED",
			"task": 96,
			"actor": 9
		}
	},
	{
		"pk": 110,
		"model": "web.storyaction",
		"fields": {
			"date": "2012-01-17 21:53:10",
			"action": "TO_WORKING",
			"task": 174,
			"actor": 9
		}
	},
	{
		"pk": 111,
		"model": "web.storyaction",
		"fields": {
			"date": "2012-01-17 21:53:12",
			"action": "TO_CLOSED",
			"task": 174,
			"actor": 9
		}
	},
	{
		"pk": 112,
		"model": "web.storyaction",
		"fields": {
			"date": "2012-01-17 21:53:14",
			"action": "TO_WORKING",
			"task": 175,
			"actor": 9
		}
	},
	{
		"pk": 113,
		"model": "web.storyaction",
		"fields": {
			"date": "2012-01-17 21:53:15",
			"action": "TO_CLOSED",
			"task": 175,
			"actor": 9
		}
	},
	{
		"pk": 114,
		"model": "web.storyaction",
		"fields": {
			"date": "2012-01-17 21:53:17",
			"action": "TO_WORKING",
			"task": 176,
			"actor": 9
		}
	},
	{
		"pk": 115,
		"model": "web.storyaction",
		"fields": {
			"date": "2012-01-18 03:55:15",
			"action": "TO_CLOSED",
			"task": 23,
			"actor": 5
		}
	},
	{
		"pk": 116,
		"model": "web.storyaction",
		"fields": {
			"date": "2012-01-18 03:55:17",
			"action": "TO_CLOSED",
			"task": 157,
			"actor": 5
		}
	},
	{
		"pk": 117,
		"model": "web.storyaction",
		"fields": {
			"date": "2012-01-18 03:55:17",
			"action": "TO_CLOSED",
			"task": 156,
			"actor": 5
		}
	},
	{
		"pk": 118,
		"model": "web.storyaction",
		"fields": {
			"date": "2012-01-18 03:55:17",
			"action": "TO_CLOSED",
			"task": 155,
			"actor": 5
		}
	},
	{
		"pk": 119,
		"model": "web.storyaction",
		"fields": {
			"date": "2012-01-18 03:55:18",
			"action": "TO_CLOSED",
			"task": 159,
			"actor": 5
		}
	},
	{
		"pk": 120,
		"model": "web.storyaction",
		"fields": {
			"date": "2012-01-18 03:55:18",
			"action": "TO_CLOSED",
			"task": 158,
			"actor": 5
		}
	},
	{
		"pk": 121,
		"model": "web.storyaction",
		"fields": {
			"date": "2012-01-18 04:37:54",
			"action": "TO_CLOSED",
			"task": 107,
			"actor": 6
		}
	},
	{
		"pk": 122,
		"model": "web.storyaction",
		"fields": {
			"date": "2012-01-18 04:37:54",
			"action": "TO_CLOSED",
			"task": 108,
			"actor": 6
		}
	},
	{
		"pk": 123,
		"model": "web.storyaction",
		"fields": {
			"date": "2012-01-18 20:23:32",
			"action": "TO_CLOSED",
			"task": 82,
			"actor": 9
		}
	},
	{
		"pk": 124,
		"model": "web.storyaction",
		"fields": {
			"date": "2012-01-18 20:23:34",
			"action": "TO_WORKING",
			"task": 83,
			"actor": 9
		}
	},
	{
		"pk": 125,
		"model": "web.storyaction",
		"fields": {
			"date": "2012-01-18 20:23:36",
			"action": "TO_CLOSED",
			"task": 83,
			"actor": 9
		}
	},
	{
		"pk": 126,
		"model": "web.storyaction",
		"fields": {
			"date": "2012-01-18 20:23:43",
			"action": "TO_CLOSED",
			"task": 87,
			"actor": 9
		}
	},
	{
		"pk": 127,
		"model": "web.storyaction",
		"fields": {
			"date": "2012-01-18 20:23:45",
			"action": "TO_WORKING",
			"task": 88,
			"actor": 9
		}
	},
	{
		"pk": 128,
		"model": "web.storyaction",
		"fields": {
			"date": "2012-01-18 20:23:46",
			"action": "TO_CLOSED",
			"task": 88,
			"actor": 9
		}
	},
	{
		"pk": 129,
		"model": "web.storyaction",
		"fields": {
			"date": "2012-01-18 20:24:01",
			"action": "TO_CLOSED",
			"task": 176,
			"actor": 9
		}
	},
	{
		"pk": 130,
		"model": "web.storyaction",
		"fields": {
			"date": "2012-01-19 04:03:21",
			"action": "TO_CLOSED",
			"task": 14,
			"actor": 10
		}
	},
	{
		"pk": 131,
		"model": "web.storyaction",
		"fields": {
			"date": "2012-01-19 04:04:04",
			"action": "TO_CLOSED",
			"task": 12,
			"actor": 10
		}
	},
	{
		"pk": 132,
		"model": "web.storyaction",
		"fields": {
			"date": "2012-01-19 04:19:16",
			"action": "TO_CLOSED",
			"task": 11,
			"actor": 6
		}
	},
	{
		"pk": 133,
		"model": "web.storyaction",
		"fields": {
			"date": "2012-01-19 04:19:16",
			"action": "TO_CLOSED",
			"task": 15,
			"actor": 6
		}
	},
	{
		"pk": 134,
		"model": "web.storyaction",
		"fields": {
			"date": "2012-01-19 04:19:16",
			"action": "TO_CLOSED",
			"task": 16,
			"actor": 6
		}
	},
	{
		"pk": 135,
		"model": "web.storyaction",
		"fields": {
			"date": "2012-01-19 04:19:21",
			"action": "TO_CLOSED",
			"task": 133,
			"actor": 6
		}
	},
	{
		"pk": 136,
		"model": "web.storyaction",
		"fields": {
			"date": "2012-01-19 04:20:17",
			"action": "TO_CLOSED",
			"task": 177,
			"actor": 6
		}
	},
	{
		"pk": 137,
		"model": "web.storyaction",
		"fields": {
			"date": "2012-01-19 04:21:52",
			"action": "TO_CLOSED",
			"task": 142,
			"actor": 6
		}
	},
	{
		"pk": 138,
		"model": "web.storyaction",
		"fields": {
			"date": "2012-01-19 04:21:52",
			"action": "TO_CLOSED",
			"task": 141,
			"actor": 6
		}
	},
	{
		"pk": 139,
		"model": "web.storyaction",
		"fields": {
			"date": "2012-01-19 04:22:07",
			"action": "TO_WORKING",
			"task": 11,
			"actor": 6
		}
	},
	{
		"pk": 140,
		"model": "web.storyaction",
		"fields": {
			"date": "2012-01-19 04:22:07",
			"action": "TO_WORKING",
			"task": 12,
			"actor": 6
		}
	},
	{
		"pk": 141,
		"model": "web.storyaction",
		"fields": {
			"date": "2012-01-19 04:22:07",
			"action": "TO_WORKING",
			"task": 13,
			"actor": 6
		}
	},
	{
		"pk": 142,
		"model": "web.storyaction",
		"fields": {
			"date": "2012-01-19 04:22:07",
			"action": "TO_WORKING",
			"task": 14,
			"actor": 6
		}
	},
	{
		"pk": 143,
		"model": "web.storyaction",
		"fields": {
			"date": "2012-01-19 04:22:07",
			"action": "TO_WORKING",
			"task": 15,
			"actor": 6
		}
	},
	{
		"pk": 144,
		"model": "web.storyaction",
		"fields": {
			"date": "2012-01-19 04:22:07",
			"action": "TO_WORKING",
			"task": 16,
			"actor": 6
		}
	},
	{
		"pk": 145,
		"model": "web.storyaction",
		"fields": {
			"date": "2012-01-23 07:15:17",
			"action": "TO_CLOSED",
			"task": 394,
			"actor": 17
		}
	},
	{
		"pk": 146,
		"model": "web.storyaction",
		"fields": {
			"date": "2012-01-23 08:37:22",
			"action": "TO_WORKING",
			"task": 569,
			"actor": 10
		}
	},
	{
		"pk": 147,
		"model": "web.storyaction",
		"fields": {
			"date": "2012-01-23 08:37:23",
			"action": "TO_CLOSED",
			"task": 569,
			"actor": 10
		}
	},
	{
		"pk": 148,
		"model": "web.storyaction",
		"fields": {
			"date": "2012-01-24 04:33:09",
			"action": "TO_CLOSED",
			"task": 376,
			"actor": 16
		}
	},
	{
		"pk": 149,
		"model": "web.storyaction",
		"fields": {
			"date": "2012-01-24 04:33:09",
			"action": "TO_CLOSED",
			"task": 377,
			"actor": 16
		}
	},
	{
		"pk": 150,
		"model": "web.storyaction",
		"fields": {
			"date": "2012-01-25 07:54:51",
			"action": "TO_CLOSED",
			"task": 390,
			"actor": 17
		}
	},
	{
		"pk": 151,
		"model": "web.storyaction",
		"fields": {
			"date": "2012-01-25 07:54:51",
			"action": "TO_CLOSED",
			"task": 389,
			"actor": 17
		}
	},
	{
		"pk": 152,
		"model": "web.storyaction",
		"fields": {
			"date": "2012-01-25 10:28:01",
			"action": "TO_CLOSED",
			"task": 391,
			"actor": 3
		}
	},
	{
		"pk": 153,
		"model": "web.storyaction",
		"fields": {
			"date": "2012-01-26 03:46:47",
			"action": "TO_CLOSED",
			"task": 395,
			"actor": 3
		}
	},
	{
		"pk": 154,
		"model": "web.storyaction",
		"fields": {
			"date": "2012-01-26 03:52:04",
			"action": "TO_CLOSED",
			"task": 393,
			"actor": 3
		}
	},
	{
		"pk": 155,
		"model": "web.storyaction",
		"fields": {
			"date": "2012-01-26 04:12:02",
			"action": "TO_CLOSED",
			"task": 508,
			"actor": 5
		}
	},
	{
		"pk": 156,
		"model": "web.storyaction",
		"fields": {
			"date": "2012-01-26 04:12:02",
			"action": "TO_CLOSED",
			"task": 507,
			"actor": 5
		}
	},
	{
		"pk": 157,
		"model": "web.storyaction",
		"fields": {
			"date": "2012-01-26 04:12:02",
			"action": "TO_CLOSED",
			"task": 506,
			"actor": 5
		}
	},
	{
		"pk": 158,
		"model": "web.storyaction",
		"fields": {
			"date": "2012-01-26 09:02:43",
			"action": "TO_CLOSED",
			"task": 336,
			"actor": 17
		}
	},
	{
		"pk": 159,
		"model": "web.storyaction",
		"fields": {
			"date": "2012-01-26 09:02:43",
			"action": "TO_CLOSED",
			"task": 335,
			"actor": 17
		}
	},
	{
		"pk": 160,
		"model": "web.storyaction",
		"fields": {
			"date": "2012-01-27 03:31:20",
			"action": "TO_CLOSED",
			"task": 195,
			"actor": 5
		}
	},
	{
		"pk": 161,
		"model": "web.storyaction",
		"fields": {
			"date": "2012-01-27 03:31:20",
			"action": "TO_CLOSED",
			"task": 196,
			"actor": 5
		}
	},
	{
		"pk": 162,
		"model": "web.storyaction",
		"fields": {
			"date": "2012-01-27 03:31:20",
			"action": "TO_CLOSED",
			"task": 197,
			"actor": 5
		}
	},
	{
		"pk": 163,
		"model": "web.storyaction",
		"fields": {
			"date": "2012-01-27 03:31:21",
			"action": "TO_CLOSED",
			"task": 198,
			"actor": 5
		}
	},
	{
		"pk": 164,
		"model": "web.storyaction",
		"fields": {
			"date": "2012-01-27 03:31:24",
			"action": "TO_CLOSED",
			"task": 563,
			"actor": 5
		}
	},
	{
		"pk": 165,
		"model": "web.storyaction",
		"fields": {
			"date": "2012-01-27 03:31:24",
			"action": "TO_CLOSED",
			"task": 564,
			"actor": 5
		}
	},
	{
		"pk": 166,
		"model": "web.storyaction",
		"fields": {
			"date": "2012-01-27 03:31:24",
			"action": "TO_CLOSED",
			"task": 565,
			"actor": 5
		}
	},
	{
		"pk": 167,
		"model": "web.storyaction",
		"fields": {
			"date": "2012-01-27 03:31:24",
			"action": "TO_CLOSED",
			"task": 566,
			"actor": 5
		}
	},
	{
		"pk": 168,
		"model": "web.storyaction",
		"fields": {
			"date": "2012-01-27 03:31:24",
			"action": "TO_CLOSED",
			"task": 567,
			"actor": 5
		}
	},
	{
		"pk": 169,
		"model": "web.storyaction",
		"fields": {
			"date": "2012-01-27 03:31:24",
			"action": "TO_CLOSED",
			"task": 568,
			"actor": 5
		}
	},
	{
		"pk": 170,
		"model": "web.storyaction",
		"fields": {
			"date": "2012-01-27 03:31:38",
			"action": "TO_CLOSED",
			"task": 343,
			"actor": 5
		}
	},
	{
		"pk": 171,
		"model": "web.storyaction",
		"fields": {
			"date": "2012-01-27 03:31:38",
			"action": "TO_CLOSED",
			"task": 342,
			"actor": 5
		}
	},
	{
		"pk": 172,
		"model": "web.storyaction",
		"fields": {
			"date": "2012-01-27 03:31:44",
			"action": "TO_CLOSED",
			"task": 374,
			"actor": 5
		}
	},
	{
		"pk": 173,
		"model": "web.storyaction",
		"fields": {
			"date": "2012-01-27 03:31:44",
			"action": "TO_CLOSED",
			"task": 375,
			"actor": 5
		}
	},
	{
		"pk": 174,
		"model": "web.storyaction",
		"fields": {
			"date": "2012-01-27 03:31:44",
			"action": "TO_CLOSED",
			"task": 372,
			"actor": 5
		}
	},
	{
		"pk": 175,
		"model": "web.storyaction",
		"fields": {
			"date": "2012-01-27 03:31:44",
			"action": "TO_CLOSED",
			"task": 373,
			"actor": 5
		}
	},
	{
		"pk": 176,
		"model": "web.storyaction",
		"fields": {
			"date": "2012-01-27 03:31:44",
			"action": "TO_CLOSED",
			"task": 371,
			"actor": 5
		}
	},
	{
		"pk": 177,
		"model": "web.storyaction",
		"fields": {
			"date": "2012-01-27 03:31:44",
			"action": "TO_CLOSED",
			"task": 369,
			"actor": 5
		}
	},
	{
		"pk": 178,
		"model": "web.storyaction",
		"fields": {
			"date": "2012-01-27 03:31:44",
			"action": "TO_CLOSED",
			"task": 370,
			"actor": 5
		}
	},
	{
		"pk": 179,
		"model": "web.storyaction",
		"fields": {
			"date": "2012-01-31 03:51:09",
			"action": "TO_CLOSED",
			"task": 582,
			"actor": 16
		}
	},
	{
		"pk": 180,
		"model": "web.storyaction",
		"fields": {
			"date": "2012-01-31 08:41:13",
			"action": "TO_CLOSED",
			"task": 553,
			"actor": 8
		}
	},
	{
		"pk": 181,
		"model": "web.storyaction",
		"fields": {
			"date": "2012-02-01 02:40:57",
			"action": "TO_CLOSED",
			"task": 346,
			"actor": 8
		}
	},
	{
		"pk": 182,
		"model": "web.storyaction",
		"fields": {
			"date": "2012-02-01 02:40:57",
			"action": "TO_CLOSED",
			"task": 347,
			"actor": 8
		}
	},
	{
		"pk": 183,
		"model": "web.storyaction",
		"fields": {
			"date": "2012-02-01 02:40:57",
			"action": "TO_CLOSED",
			"task": 348,
			"actor": 8
		}
	},
	{
		"pk": 184,
		"model": "web.storyaction",
		"fields": {
			"date": "2012-02-01 02:43:07",
			"action": "TO_CLOSED",
			"task": 298,
			"actor": 16
		}
	},
	{
		"pk": 185,
		"model": "web.storyaction",
		"fields": {
			"date": "2012-02-01 02:43:18",
			"action": "TO_CLOSED",
			"task": 554,
			"actor": 16
		}
	},
	{
		"pk": 186,
		"model": "web.storyaction",
		"fields": {
			"date": "2012-02-01 02:43:18",
			"action": "TO_CLOSED",
			"task": 555,
			"actor": 16
		}
	},
	{
		"pk": 187,
		"model": "web.storyaction",
		"fields": {
			"date": "2012-02-01 04:14:46",
			"action": "TO_CLOSED",
			"task": 402,
			"actor": 8
		}
	},
	{
		"pk": 188,
		"model": "web.storyaction",
		"fields": {
			"date": "2012-02-01 04:14:46",
			"action": "TO_CLOSED",
			"task": 403,
			"actor": 8
		}
	},
	{
		"pk": 189,
		"model": "web.storyaction",
		"fields": {
			"date": "2012-02-01 04:36:58",
			"action": "TO_WORKING",
			"task": 195,
			"actor": 6
		}
	},
	{
		"pk": 190,
		"model": "web.storyaction",
		"fields": {
			"date": "2012-02-01 04:36:58",
			"action": "TO_WORKING",
			"task": 196,
			"actor": 6
		}
	},
	{
		"pk": 191,
		"model": "web.storyaction",
		"fields": {
			"date": "2012-02-01 04:36:58",
			"action": "TO_WORKING",
			"task": 197,
			"actor": 6
		}
	},
	{
		"pk": 192,
		"model": "web.storyaction",
		"fields": {
			"date": "2012-02-01 04:36:58",
			"action": "TO_WORKING",
			"task": 198,
			"actor": 6
		}
	},
	{
		"pk": 193,
		"model": "web.storyaction",
		"fields": {
			"date": "2012-02-01 04:38:41",
			"action": "TO_CLOSED",
			"task": 392,
			"actor": 3
		}
	},
	{
		"pk": 194,
		"model": "web.storyaction",
		"fields": {
			"date": "2012-02-01 06:45:24",
			"action": "TO_CLOSED",
			"task": 519,
			"actor": 8
		}
	},
	{
		"pk": 195,
		"model": "web.storyaction",
		"fields": {
			"date": "2012-02-01 06:45:42",
			"action": "TO_CLOSED",
			"task": 540,
			"actor": 8
		}
	},
	{
		"pk": 196,
		"model": "web.storyaction",
		"fields": {
			"date": "2012-02-01 06:45:42",
			"action": "TO_CLOSED",
			"task": 539,
			"actor": 8
		}
	},
	{
		"pk": 197,
		"model": "web.storyaction",
		"fields": {
			"date": "2012-02-01 06:45:42",
			"action": "TO_CLOSED",
			"task": 541,
			"actor": 8
		}
	},
	{
		"pk": 198,
		"model": "web.storyaction",
		"fields": {
			"date": "2012-02-01 06:45:42",
			"action": "TO_CLOSED",
			"task": 538,
			"actor": 8
		}
	},
	{
		"pk": 199,
		"model": "web.storyaction",
		"fields": {
			"date": "2012-02-01 08:12:51",
			"action": "TO_CLOSED",
			"task": 592,
			"actor": 6
		}
	},
	{
		"pk": 200,
		"model": "web.storyaction",
		"fields": {
			"date": "2012-02-01 12:21:24",
			"action": "TO_CLOSED",
			"task": 517,
			"actor": 8
		}
	},
	{
		"pk": 201,
		"model": "web.storyaction",
		"fields": {
			"date": "2012-02-01 12:21:24",
			"action": "TO_CLOSED",
			"task": 518,
			"actor": 8
		}
	},
	{
		"pk": 202,
		"model": "web.storyaction",
		"fields": {
			"date": "2012-02-01 12:21:24",
			"action": "TO_CLOSED",
			"task": 516,
			"actor": 8
		}
	},
	{
		"pk": 203,
		"model": "web.storyaction",
		"fields": {
			"date": "2012-02-01 12:30:54",
			"action": "TO_CLOSED",
			"task": 404,
			"actor": 16
		}
	},
	{
		"pk": 204,
		"model": "web.storyaction",
		"fields": {
			"date": "2012-02-01 12:31:07",
			"action": "TO_CLOSED",
			"task": 524,
			"actor": 16
		}
	},
	{
		"pk": 205,
		"model": "web.storyaction",
		"fields": {
			"date": "2012-02-01 12:31:07",
			"action": "TO_CLOSED",
			"task": 525,
			"actor": 16
		}
	},
	{
		"pk": 206,
		"model": "web.storyaction",
		"fields": {
			"date": "2012-02-01 12:31:40",
			"action": "TO_WORKING",
			"task": 524,
			"actor": 16
		}
	},
	{
		"pk": 207,
		"model": "web.storyaction",
		"fields": {
			"date": "2012-02-01 12:31:40",
			"action": "TO_WORKING",
			"task": 525,
			"actor": 16
		}
	},
	{
		"pk": 208,
		"model": "web.storyaction",
		"fields": {
			"date": "2012-02-01 12:34:32",
			"action": "TO_CLOSED",
			"task": 524,
			"actor": 16
		}
	},
	{
		"pk": 209,
		"model": "web.storyaction",
		"fields": {
			"date": "2012-02-01 12:34:32",
			"action": "TO_CLOSED",
			"task": 525,
			"actor": 16
		}
	},
	{
		"pk": 210,
		"model": "web.storyaction",
		"fields": {
			"date": "2012-02-02 04:22:24",
			"action": "TO_CLOSED",
			"task": 387,
			"actor": 6
		}
	},
	{
		"pk": 211,
		"model": "web.storyaction",
		"fields": {
			"date": "2012-02-02 04:22:24",
			"action": "TO_CLOSED",
			"task": 386,
			"actor": 6
		}
	},
	{
		"pk": 212,
		"model": "web.storyaction",
		"fields": {
			"date": "2012-02-02 04:22:24",
			"action": "TO_CLOSED",
			"task": 388,
			"actor": 6
		}
	},
	{
		"pk": 213,
		"model": "web.storyaction",
		"fields": {
			"date": "2012-02-02 04:23:41",
			"action": "TO_CLOSED",
			"task": 505,
			"actor": 6
		}
	},
	{
		"pk": 214,
		"model": "web.storyaction",
		"fields": {
			"date": "2012-02-02 04:23:41",
			"action": "TO_CLOSED",
			"task": 504,
			"actor": 6
		}
	},
	{
		"pk": 215,
		"model": "web.storyaction",
		"fields": {
			"date": "2012-02-02 04:23:41",
			"action": "TO_CLOSED",
			"task": 501,
			"actor": 6
		}
	},
	{
		"pk": 216,
		"model": "web.storyaction",
		"fields": {
			"date": "2012-02-02 04:23:41",
			"action": "TO_CLOSED",
			"task": 503,
			"actor": 6
		}
	},
	{
		"pk": 217,
		"model": "web.storyaction",
		"fields": {
			"date": "2012-02-02 04:23:41",
			"action": "TO_CLOSED",
			"task": 502,
			"actor": 6
		}
	},
	{
		"pk": 218,
		"model": "web.storyaction",
		"fields": {
			"date": "2012-02-02 04:23:52",
			"action": "TO_WORKING",
			"task": 517,
			"actor": 6
		}
	},
	{
		"pk": 219,
		"model": "web.storyaction",
		"fields": {
			"date": "2012-02-02 04:23:52",
			"action": "TO_WORKING",
			"task": 518,
			"actor": 6
		}
	},
	{
		"pk": 220,
		"model": "web.storyaction",
		"fields": {
			"date": "2012-02-02 04:23:52",
			"action": "TO_WORKING",
			"task": 516,
			"actor": 6
		}
	},
	{
		"pk": 221,
		"model": "web.storyaction",
		"fields": {
			"date": "2012-02-06 07:04:13",
			"action": "TO_CLOSED",
			"task": 636,
			"actor": 8
		}
	},
	{
		"pk": 222,
		"model": "web.storyaction",
		"fields": {
			"date": "2012-02-06 07:04:13",
			"action": "TO_CLOSED",
			"task": 637,
			"actor": 8
		}
	},
	{
		"pk": 223,
		"model": "web.storyaction",
		"fields": {
			"date": "2012-02-06 07:05:08",
			"action": "TO_CLOSED",
			"task": 708,
			"actor": 8
		}
	},
	{
		"pk": 224,
		"model": "web.storyaction",
		"fields": {
			"date": "2012-02-06 07:05:08",
			"action": "TO_CLOSED",
			"task": 709,
			"actor": 8
		}
	},
	{
		"pk": 225,
		"model": "web.storyaction",
		"fields": {
			"date": "2012-02-06 07:05:15",
			"action": "TO_WORKING",
			"task": 708,
			"actor": 8
		}
	},
	{
		"pk": 226,
		"model": "web.storyaction",
		"fields": {
			"date": "2012-02-06 07:05:15",
			"action": "TO_WORKING",
			"task": 709,
			"actor": 8
		}
	},
	{
		"pk": 227,
		"model": "web.storyaction",
		"fields": {
			"date": "2012-02-06 07:06:15",
			"action": "TO_CLOSED",
			"task": 678,
			"actor": 8
		}
	},
	{
		"pk": 228,
		"model": "web.storyaction",
		"fields": {
			"date": "2012-02-06 07:06:15",
			"action": "TO_CLOSED",
			"task": 679,
			"actor": 8
		}
	},
	{
		"pk": 229,
		"model": "web.storyaction",
		"fields": {
			"date": "2012-02-06 07:06:15",
			"action": "TO_CLOSED",
			"task": 680,
			"actor": 8
		}
	},
	{
		"pk": 230,
		"model": "web.storyaction",
		"fields": {
			"date": "2012-02-06 08:01:48",
			"action": "TO_CLOSED",
			"task": 694,
			"actor": 8
		}
	},
	{
		"pk": 231,
		"model": "web.storyaction",
		"fields": {
			"date": "2012-02-07 03:04:52",
			"action": "TO_CLOSED",
			"task": 522,
			"actor": 16
		}
	},
	{
		"pk": 232,
		"model": "web.storyaction",
		"fields": {
			"date": "2012-02-07 03:04:52",
			"action": "TO_CLOSED",
			"task": 521,
			"actor": 16
		}
	},
	{
		"pk": 233,
		"model": "web.storyaction",
		"fields": {
			"date": "2012-02-07 03:04:52",
			"action": "TO_CLOSED",
			"task": 520,
			"actor": 16
		}
	},
	{
		"pk": 234,
		"model": "web.storyaction",
		"fields": {
			"date": "2012-02-07 03:04:52",
			"action": "TO_CLOSED",
			"task": 523,
			"actor": 16
		}
	},
	{
		"pk": 235,
		"model": "web.storyaction",
		"fields": {
			"date": "2012-02-07 03:05:11",
			"action": "TO_CLOSED",
			"task": 643,
			"actor": 16
		}
	},
	{
		"pk": 236,
		"model": "web.storyaction",
		"fields": {
			"date": "2012-02-07 05:52:49",
			"action": "TO_WORKING",
			"task": 682,
			"actor": 10
		}
	},
	{
		"pk": 237,
		"model": "web.storyaction",
		"fields": {
			"date": "2012-02-07 05:52:51",
			"action": "TO_CLOSED",
			"task": 682,
			"actor": 10
		}
	},
	{
		"pk": 238,
		"model": "web.storyaction",
		"fields": {
			"date": "2012-02-07 05:53:35",
			"action": "TO_WORKING",
			"task": 597,
			"actor": 10
		}
	},
	{
		"pk": 239,
		"model": "web.storyaction",
		"fields": {
			"date": "2012-02-07 05:53:36",
			"action": "TO_CLOSED",
			"task": 597,
			"actor": 10
		}
	},
	{
		"pk": 240,
		"model": "web.storyaction",
		"fields": {
			"date": "2012-02-07 05:53:38",
			"action": "TO_WORKING",
			"task": 598,
			"actor": 10
		}
	},
	{
		"pk": 241,
		"model": "web.storyaction",
		"fields": {
			"date": "2012-02-07 05:53:39",
			"action": "TO_CLOSED",
			"task": 598,
			"actor": 10
		}
	},
	{
		"pk": 242,
		"model": "web.storyaction",
		"fields": {
			"date": "2012-02-07 05:53:43",
			"action": "TO_WORKING",
			"task": 599,
			"actor": 10
		}
	},
	{
		"pk": 243,
		"model": "web.storyaction",
		"fields": {
			"date": "2012-02-07 05:53:44",
			"action": "TO_CLOSED",
			"task": 599,
			"actor": 10
		}
	},
	{
		"pk": 244,
		"model": "web.storyaction",
		"fields": {
			"date": "2012-02-07 07:32:44",
			"action": "TO_CLOSED",
			"task": 593,
			"actor": 17
		}
	},
	{
		"pk": 245,
		"model": "web.storyaction",
		"fields": {
			"date": "2012-02-07 10:58:40",
			"action": "TO_CLOSED",
			"task": 672,
			"actor": 16
		}
	},
	{
		"pk": 246,
		"model": "web.storyaction",
		"fields": {
			"date": "2012-02-07 10:58:40",
			"action": "TO_CLOSED",
			"task": 673,
			"actor": 16
		}
	},
	{
		"pk": 247,
		"model": "web.storyaction",
		"fields": {
			"date": "2012-02-07 10:58:40",
			"action": "TO_CLOSED",
			"task": 674,
			"actor": 16
		}
	}
]